CustomerID,FullName
"CUST-1001","Noah Williams"
"",""
"CUST-1002","Noah Brown"
"CUST-1003","Emma Brown"
"CUST-1005",""
"CUST-1006","Olivia Smith"
"#N/A","Noah Williams"
"CUST-1007","Noah Williams"
" CUST-1009 ","Oliver Brown"
"CUST-1009","Oliver Brown"
"CUST-1011"," Oliver Johnson "
"CUST-1012","Emma Williams"
"","Olivia Johnson"
"CUST-1014","Emma Brown"
"CUST-1015",""
"CUST-1016","Oliver Smith"
"","Noah Smith"
"CUST-1018",""
"CUST-1019","Emma Williams"
"CUST-1020","Ava Smith"
"CUST-1021","Emma Brown"
"CUST-1021","Emma Brown"
"CUST-1023","Oliver Smith"
"CUST-1024","Noah Johnson"
"CUST-1024","Noah Johnson"
"CUST-1026","#N/A"
" CUST-1027 ","Olivia Williams"
"CUST-1028","Emma Brown"
"CUST-1029","Olivia Williams"
" CUST-1030 ","Emma Smith"
"CUST-1031","Liam Smith"
" CUST-1032 ","Emma Williams"
" CUST-1033 ","Oliver Johnson"
"CUST-1034","Noah Smith"
"CUST-1035","#N/A"
"CUST-1036","Olivia Smith"
"#N/A","#N/A"
"CUST-1038"," Olivia Johnson "
" CUST-1039 ","Noah Williams"
"CUST-1040","Oliver Williams"
"CUST-1041","Emma Brown"
"CUST-1042","Liam Smith"
"CUST-1043","Noah Brown"
"CUST-1044","Noah Brown"
"CUST-1044","Noah Brown"
"CUST-1046","Emma Brown"
"CUST-1047","Olivia Johnson"
"CUST-1048"," Ava Williams "
" CUST-1049 "," Liam Williams "
" CUST-1050 ","#N/A"
"CUST-1051","Liam Williams"
"CUST-1051","Liam Williams"
"CUST-1052","Emma Williams"
"CUST-1054"," Olivia Johnson "
"CUST-1054","Olivia Johnson"
"CUST-1055","Emma Williams"
"",""
"CUST-1058",""
"CUST-1059","Liam Johnson"
"CUST-1060",""
"#N/A",""
"CUST-1062","Liam Smith"
"CUST-1063","Liam Williams"
" CUST-1064 ","Oliver Smith"
"CUST-1065","Liam Brown"
"CUST-1066","Emma Brown"
"","Ava Smith"
"CUST-1068","Oliver Williams"
"CUST-1069"," Emma Johnson "
"CUST-1070",""
"CUST-1071","Ava Brown"
" CUST-1072 ",""
"","Noah Brown"
"CUST-1074"," Ava Johnson "
"CUST-1075","Liam Johnson"
"CUST-1076",""
"CUST-1077","Olivia Johnson"
"","Ava Johnson"
"","Oliver Brown"
"CUST-1080","Ava Smith"
"CUST-1081","Olivia Smith"
"CUST-1082","Ava Johnson"
" CUST-1083 ","Noah Johnson"
"CUST-1084","Oliver Johnson"
" CUST-1085 ","Ava Williams"
"CUST-1085","Ava Williams"
" CUST-1087 "," Liam Brown "
"CUST-1088","Ava Brown"
"CUST-1088","Ava Brown"
"CUST-1090","Ava Smith"
"CUST-1091","Oliver Smith"
"CUST-1092","Ava Johnson"
"CUST-1093","#N/A"
"CUST-1093","Noah Johnson"
"CUST-1095","Emma Brown"
"CUST-1095","Emma Brown"
"CUST-1096","Ava Williams"
"",""
"CUST-1099","Emma Williams"
"CUST-1100","Oliver Brown"
"CUST-1101","Liam Brown"
"CUST-1101","Liam Brown"
"CUST-1103","Olivia Williams"
" CUST-1104 ","Oliver Brown"
"CUST-1105"," Liam Smith "
"","Emma Brown"
"CUST-1107","Liam Brown"
"CUST-1108","Liam Brown"
"CUST-1109","Oliver Brown"
"CUST-1109","Oliver Brown"
"CUST-1111","Liam Johnson"
"CUST-1112","Emma Johnson"
"CUST-1113","Noah Brown"
"CUST-1114","Emma Johnson"
" CUST-1115 ",""
"","Olivia Smith"
"",""
"CUST-1118","Liam Smith"
"CUST-1119",""
" CUST-1120 "," Olivia Brown "
"CUST-1121","Liam Williams"
" CUST-1122 ","Emma Williams"
"CUST-1123","Emma Williams"
"CUST-1124",""
"CUST-1125","Noah Johnson"
"CUST-1125","Noah Johnson"
"CUST-1127","Ava Williams"
"","Emma Williams"
"CUST-1129","Ava Brown"
"CUST-1130","Noah Williams"
"CUST-1131","Noah Williams"
"CUST-1132","Ava Smith"
"CUST-1133","Liam Smith"
"","Emma Smith"
"CUST-1135"," Liam Williams "
"CUST-1135","Liam Williams"
"CUST-1136","Emma Smith"
"CUST-1138","Liam Williams"
"CUST-1139","Olivia Smith"
"CUST-1139","Olivia Smith"
"CUST-1141","Oliver Smith"
"CUST-1141","Oliver Smith"
"CUST-1143","Olivia Johnson"
""," Liam Brown "
" CUST-1145 "," Liam Brown "
" CUST-1146 ","Ava Smith"
"CUST-1147","Oliver Williams"
" CUST-1148 ","Olivia Smith"
"CUST-1149","Olivia Johnson"
"CUST-1150","Olivia Johnson"
" CUST-1151 ",""
"CUST-1152","Olivia Williams"
"CUST-1152","Olivia Williams"
"CUST-1154",""
" CUST-1155 ","Ava Williams"
"CUST-1156","Olivia Brown"
"CUST-1157","Emma Smith"
"CUST-1157","Emma Smith"
"CUST-1159","Ava Brown"
"CUST-1160","Ava Johnson"
"CUST-1161",""
"CUST-1162","Noah Johnson"
"CUST-1162","Noah Johnson"
"CUST-1164","Olivia Johnson"
"#N/A","Ava Johnson"
"CUST-1166",""
"CUST-1167","Oliver Brown"
"CUST-1168","Ava Williams"
"CUST-1169","Emma Williams"
"CUST-1170","Liam Smith"
"CUST-1171","Emma Smith"
"CUST-1172","Olivia Johnson"
"CUST-1172","Olivia Johnson"
" CUST-1174 ","Ava Brown"
"CUST-1175","Oliver Smith"
"CUST-1176","Liam Brown"
" CUST-1177 ","Olivia Johnson"
"CUST-1178","Olivia Johnson"
"CUST-1179","Emma Williams"
"CUST-1180","Olivia Williams"
"CUST-1181","Olivia Johnson"
"CUST-1182","Ava Brown"
"",""
"CUST-1184","Emma Williams"
" CUST-1185 ","Liam Williams"
"CUST-1186","Ava Smith"
"CUST-1187","Liam Smith"
"CUST-1187","Liam Smith"
"CUST-1189","Emma Williams"
"CUST-1190","Emma Williams"
"CUST-1191",""
"CUST-1192"," Oliver Brown "
"CUST-1193",""
"CUST-1193","Emma Johnson"
"CUST-1195","Oliver Johnson"
"CUST-1195","Oliver Johnson"
"CUST-1197","Liam Williams"
"CUST-1198","Emma Johnson"
"CUST-1199","Emma Smith"
"CUST-1200","Liam Smith"
"CUST-1201","#N/A"
"#N/A","Olivia Brown"
"CUST-1203","Ava Smith"
"CUST-1204","Liam Johnson"
" CUST-1205 ","Liam Johnson"
"CUST-1206","#N/A"
"CUST-1207","Oliver Brown"
"CUST-1208","Emma Johnson"
" CUST-1209 ","Olivia Brown"
"CUST-1209","Olivia Brown"
"CUST-1211","Olivia Williams"
"CUST-1212","Noah Johnson"
"CUST-1213","Emma Williams"
"CUST-1214","Oliver Brown"
"CUST-1214","Oliver Brown"
"","Noah Williams"
"CUST-1216","Noah Williams"
" CUST-1218 ","Oliver Smith"
"CUST-1219"," Noah Williams "
"CUST-1220","Olivia Johnson"
"CUST-1221","Ava Brown"
"CUST-1222","Ava Brown"
"CUST-1223","Oliver Williams"
" CUST-1224 ","Olivia Williams"
"CUST-1225","Olivia Williams"
"CUST-1225","Olivia Williams"
"CUST-1227","Noah Brown"
"CUST-1227","Noah Brown"
"CUST-1229","Olivia Williams"
"CUST-1230","Liam Brown"
" CUST-1231 "," Olivia Brown "
"CUST-1232","Oliver Brown"
"CUST-1233"," Noah Brown "
"CUST-1233","Noah Brown"
"CUST-1235","Liam Smith"
"#N/A","Oliver Johnson"
"CUST-1237","Oliver Brown"
"CUST-1238","Noah Brown"
"CUST-1239",""
"CUST-1240"," Liam Williams "
"CUST-1241"," Oliver Williams "
"","Noah Smith"
"CUST-1243","Oliver Johnson"
"CUST-1244",""
"CUST-1245","Ava Johnson"
"#N/A","Emma Williams"
"CUST-1247","Emma Brown"
"CUST-1248"," Oliver Williams "
"CUST-1248","Oliver Williams"
"CUST-1250"," Oliver Johnson "
" CUST-1251 ","Ava Brown"
"CUST-1251","Ava Brown"
"","Emma Williams"
"CUST-1254","Ava Williams"
"CUST-1255"," Emma Johnson "
"","Liam Smith"
"CUST-1257","Oliver Williams"
"CUST-1258","Emma Johnson"
"","Emma Williams"
"CUST-1260","Ava Johnson"
"CUST-1261","Emma Brown"
"","Ava Williams"
"CUST-1263"," Liam Williams "
"CUST-1264","Emma Williams"
"#N/A","Ava Brown"
" CUST-1266 ","Olivia Williams"
"CUST-1267","Olivia Brown"
"","Liam Smith"
"CUST-1269","Olivia Johnson"
"CUST-1270","Emma Johnson"
"#N/A","Ava Johnson"
" CUST-1272 ","Oliver Williams"
"CUST-1272","Oliver Williams"
"#N/A","Oliver Brown"
"CUST-1274","Oliver Brown"
"","Oliver Brown"
"CUST-1277","Emma Williams"
"CUST-1278"," Olivia Johnson "
"CUST-1278","Olivia Johnson"
"CUST-1280","Liam Brown"
"CUST-1281","Noah Brown"
"CUST-1282"," Ava Johnson "
""," Ava Williams "
"CUST-1284","Ava Williams"
""," Ava Williams "
"#N/A","Noah Johnson"
""," Noah Johnson "
" CUST-1288 ","#N/A"
"CUST-1289","Liam Smith"
"#N/A","Ava Williams"
"CUST-1291","Noah Johnson"
"CUST-1292","Oliver Williams"
"CUST-1292","Oliver Williams"
"#N/A","Liam Williams"
" CUST-1295 ","Emma Johnson"
"CUST-1296","Oliver Smith"
"CUST-1297"," Liam Brown "
"CUST-1297","Liam Brown"
" CUST-1299 ","Liam Williams"
"CUST-1300","Oliver Williams"
" CUST-1301 ","Liam Smith"
"CUST-1302","Noah Williams"
"CUST-1303","Liam Johnson"
"CUST-1304","Olivia Johnson"
"CUST-1304","Olivia Johnson"
"CUST-1306","Liam Brown"
"CUST-1307","Ava Smith"
" CUST-1308 ","Olivia Smith"
"CUST-1309","Ava Williams"
"CUST-1310","Oliver Brown"
"CUST-1311","Ava Smith"
"CUST-1312","Oliver Johnson"
"CUST-1313","Liam Williams"
"CUST-1314","Liam Brown"
" CUST-1315 ","Oliver Brown"
" CUST-1316 ","Noah Smith"
"CUST-1317","Liam Johnson"
"CUST-1318"," Olivia Smith "
"CUST-1319","Olivia Brown"
"CUST-1319","Olivia Brown"
"CUST-1321","Olivia Brown"
"CUST-1322","Olivia Johnson"
"CUST-1323"," Oliver Brown "
"CUST-1324","Noah Brown"
"",""
"CUST-1325","Noah Johnson"
"CUST-1326","Olivia Johnson"
"CUST-1327","Ava Brown"
" CUST-1329 ","Ava Brown"
"CUST-1330",""
"CUST-1331","Noah Smith"
"CUST-1332","Olivia Johnson"
"CUST-1332","Olivia Johnson"
"CUST-1334","Oliver Williams"
"CUST-1335","Olivia Williams"
"CUST-1336","Liam Johnson"
"CUST-1337"," Noah Smith "
"CUST-1338","Liam Smith"
"CUST-1339","Oliver Smith"
"CUST-1340","Ava Smith"
"CUST-1341","Emma Smith"
"CUST-1342",""
"CUST-1343","Ava Williams"
"CUST-1344",""
"CUST-1345","Ava Brown"
"CUST-1346","Ava Johnson"
" CUST-1347 "," Oliver Brown "
" CUST-1348 ","Ava Smith"
"CUST-1349","Olivia Brown"
"CUST-1350","Liam Smith"
"CUST-1350","Liam Smith"
"CUST-1351","Ava Smith"
" CUST-1353 ","Liam Brown"
"CUST-1354","Ava Smith"
"CUST-1355","Emma Johnson"
"CUST-1356"," Ava Smith "
"CUST-1357","Emma Williams"
"CUST-1358","Emma Williams"
"CUST-1359",""
"CUST-1360","Ava Williams"
"CUST-1361","Emma Williams"
" CUST-1362 ","Olivia Smith"
"CUST-1362","Olivia Smith"
"CUST-1364","Emma Johnson"
"CUST-1365","Emma Smith"
"CUST-1366","Noah Brown"
"CUST-1367","Oliver Williams"
" CUST-1368 ","Oliver Williams"
"","Noah Smith"
"CUST-1370","Emma Johnson"
"CUST-1371","Oliver Brown"
" CUST-1372 ","Oliver Brown"
"CUST-1373","Olivia Johnson"
"CUST-1374","Ava Brown"
"CUST-1375","Emma Brown"
" CUST-1376 ","Oliver Smith"
"CUST-1377","Ava Johnson"
" CUST-1378 ","Liam Smith"
"CUST-1378","Liam Smith"
"","Noah Williams"
"#N/A"," Noah Brown "
"CUST-1382"," Noah Williams "
"CUST-1383","Ava Brown"
"CUST-1384","Noah Johnson"
"CUST-1385","Noah Brown"
"CUST-1386","Emma Johnson"
""," Emma Brown "
"CUST-1388","Emma Williams"
"CUST-1388","Emma Williams"
"CUST-1390","Liam Johnson"
"","Emma Johnson"
"CUST-1392","Noah Williams"
"CUST-1393","Olivia Johnson"
"CUST-1394","Emma Smith"
"CUST-1395","Liam Smith"
"CUST-1396","Noah Johnson"
"CUST-1397","Noah Smith"
"CUST-1397","Noah Smith"
"",""
"CUST-1400",""