transaction_id,date,customer_id,store_id,payment_method,total_amount
TRN-9001,, CUST-1396 ,STO-02,Debit Card,497.8
TRN-9002, 2022-07-30 ,CUST-1369,STO-03,Cash,575
#N/A,1/3/2026,CUST-1362,STO-01,Debit Card,45
TRN-9004,7/23/2025,CUST-1005,STO-03,Debit Card,321.3
TRN-9005,8/26/2025, CUST-1221 ,STO-02,,590
TRN-9006,3/16/2024,CUST-1007,STO-02,Debit Card,55
TRN-9007,9/28/2023,CUST-1031,STO-01,Cash,
 TRN-9008 ,1/27/2026,CUST-1277, STO-03 ,Credit Card,450
TRN-9009,3/16/2025,CUST-1373, STO-01 ,Credit Card,412.25
TRN-9009,3/16/2025,CUST-1373,STO-01,Credit Card,412.25
TRN-9011, 2022-02-04 ,CUST-1390, STO-03 ,Credit Card,445
,3/10/2025, CUST-1180 , STO-02 ,Cash,577.6
, 2025-11-29 ,,#N/A,Debit Card,430
TRN-9013,11/29/2025,CUST-1235,STO-02,Debit Card,430
TRN-9014,3/4/2024,CUST-1248,STO-01,Mobile Payment,378.1
TRN-9016,,CUST-1294,STO-03,Mobile Payment,113
,6/22/2023,CUST-1055,,,289
TRN-9018,8/17/2024,CUST-1389, STO-04 ,,765
TRN-9019, 2025-01-31 ,CUST-1336,STO-04, Mobile Payment ,378
TRN-9019,1/31/2025,CUST-1336,STO-04,Mobile Payment,378
TRN-9021,12/8/2023,CUST-1291,, Debit Card ,55
TRN-9022,,CUST-1344,STO-03,Cash,355
TRN-9023,11/28/2022,CUST-1390,STO-03,Cash,431
TRN-9024,2/10/2026,CUST-1039,STO-01,Mobile Payment,
TRN-9025,2/1/2026,CUST-1253,,Credit Card,141.1
TRN-9026, 2023-04-21 , CUST-1145 ,STO-02,Debit Card,
#N/A,4/20/2023,CUST-1064, STO-04 ,,666
TRN-9028,,#N/A,STO-03,Cash,418
TRN-9029,5/18/2023,CUST-1035,STO-02,Credit Card,261.25
TRN-9029,5/18/2023,CUST-1035,STO-02,Credit Card,261.25
TRN-9031,3/21/2025, CUST-1248 ,STO-01,Mobile Payment,485
TRN-9032,#N/A,CUST-1307,STO-03,Debit Card,365
TRN-9033, 2023-07-26 ,CUST-1278, STO-04 ,Credit Card,440
TRN-9034,1/19/2026,,STO-04,Cash,
TRN-9035,2/5/2025,CUST-1124, STO-04 , Mobile Payment ,400
TRN-9036,7/19/2023, CUST-1286 ,STO-02,Mobile Payment,95
TRN-9036,7/19/2023,CUST-1286,STO-02,Mobile Payment,95
TRN-9037,9/6/2023,CUST-1168,STO-02,Debit Card,175.5
TRN-9039,9/27/2025,CUST-1304,STO-02,Cash,170
TRN-9040,,CUST-1247,STO-02,Cash,45
TRN-9041,11/9/2025, CUST-1294 ,STO-03,Mobile Payment,412.25
TRN-9042,7/10/2025, CUST-1118 ,STO-01,Debit Card,451
TRN-9043,4/30/2022,CUST-1060,STO-03,Mobile Payment,414
TRN-9044,3/10/2022,CUST-1284,STO-03,Mobile Payment,540
TRN-9045,11/30/2022,CUST-1265,STO-04,Credit Card,
 TRN-9046 ,#N/A,CUST-1005,STO-01,Cash,544
TRN-9047,6/6/2025,CUST-1049,STO-04,Cash,543.15
TRN-9048,,,STO-04,,290
TRN-9049,1/7/2022,CUST-1160,STO-03,Mobile Payment,251
,,CUST-1323,STO-02,,446.5
,2/5/2025,CUST-1275,STO-03,Debit Card,570
TRN-9051,2/5/2025,CUST-1275,STO-03,Debit Card,570
TRN-9053,4/8/2025,CUST-1054,STO-03,Credit Card,190
TRN-9054,#N/A, CUST-1140 ,STO-02,Debit Card,160
TRN-9055,6/21/2025,CUST-1109,STO-01,Mobile Payment,410
TRN-9056,11/30/2023,CUST-1148,STO-02,Credit Card,442
TRN-9057, 2024-04-07 , CUST-1105 ,STO-02,Cash,
TRN-9058,11/26/2022,CUST-1017,STO-02,Credit Card,216.75
TRN-9059, 2025-08-25 ,CUST-1302,STO-01,Mobile Payment,314.5
TRN-9059,8/25/2025,CUST-1302,STO-01,Mobile Payment,314.5
TRN-9061,7/21/2022,CUST-1073,STO-01,Credit Card,274
TRN-9062,,CUST-1304,STO-02,Cash,
TRN-9063, 2025-02-26 ,CUST-1075,STO-04,Mobile Payment,100
 TRN-9064 ,, CUST-1022 ,STO-02,Credit Card,374
TRN-9065, 2025-10-13 ,CUST-1318,STO-04,Cash,310
#N/A,1/15/2024,CUST-1095,STO-04, Credit Card ,475
#N/A,6/11/2025,CUST-1348, STO-01 ,Cash,65
TRN-9068,12/10/2023,CUST-1140,STO-01,Cash,514
 TRN-9069 ,2/9/2025,CUST-1275,STO-03, Mobile Payment ,342
TRN-9070,4/25/2025,CUST-1153,STO-04,Mobile Payment,150
TRN-9071,5/28/2024,CUST-1180, STO-01 ,Mobile Payment,531
TRN-9071,5/28/2024,CUST-1180,STO-01,Mobile Payment,531
TRN-9073,10/2/2025,,STO-04,Debit Card,585
TRN-9074,3/10/2024, CUST-1209 ,STO-04,Debit Card,414.9
TRN-9075,12/7/2024,CUST-1116,STO-01,Cash,108
TRN-9076,11/21/2023,CUST-1275,STO-04,Debit Card,248
TRN-9077,#N/A,CUST-1339,STO-02,Credit Card,301.5
TRN-9077,9/15/2023,CUST-1339,STO-02,Credit Card,301.5
 TRN-9079 ,4/17/2025,#N/A,STO-01,Cash,475
TRN-9080,10/30/2022,CUST-1117,STO-01,Debit Card,76.5
TRN-9081,3/17/2025,CUST-1097,#N/A,Cash,201
TRN-9082,#N/A,,STO-02,Cash,266
TRN-9083,9/28/2023,CUST-1165,STO-03,,
TRN-9084,8/26/2023,CUST-1304,STO-03,Cash,85
 TRN-9085 ,11/19/2024,CUST-1298,#N/A,Debit Card,95
TRN-9086,,CUST-1088,STO-02,Credit Card,295
TRN-9087,1/16/2025,,STO-03,Debit Card,95
,,CUST-1390,,Mobile Payment,334
TRN-9089, 2022-04-16 ,CUST-1013,STO-03,Mobile Payment,64.6
TRN-9090,3/13/2023,,,Debit Card,204
TRN-9090,3/13/2023,CUST-1277,STO-04,Debit Card,204
TRN-9092,9/7/2022,CUST-1147,STO-02,Cash,
TRN-9093,10/21/2023,CUST-1080,STO-01,Debit Card,281
TRN-9094,11/17/2024,CUST-1066,STO-01,Cash,675
 TRN-9095 ,9/1/2025,CUST-1318,STO-02,Mobile Payment,314.5
 TRN-9096 ,10/13/2022,CUST-1192,STO-02,Cash,95
#N/A,12/15/2023,CUST-1233,, Cash ,
TRN-9098,,CUST-1247,STO-01,Cash,540
TRN-9099,6/15/2023, CUST-1122 ,#N/A,Cash,234
TRN-9100,9/4/2025,CUST-1130,STO-04,Mobile Payment,656
TRN-9101,1/14/2024,CUST-1347,STO-01,Mobile Payment,55
TRN-9102,,CUST-1143, STO-03 ,Credit Card,
TRN-9103,1/20/2022, CUST-1162 ,STO-01,Credit Card,495.9
TRN-9103,1/20/2022,CUST-1162,STO-01,Credit Card,495.9
 TRN-9105 ,10/1/2022, CUST-1383 ,STO-03,Mobile Payment,189
,12/29/2025,CUST-1047,STO-01,Debit Card,
TRN-9107,8/11/2024,CUST-1132, STO-04 ,Credit Card,104.55
TRN-9108,4/9/2022,CUST-1078,,Credit Card,
TRN-9108,4/9/2022,CUST-1078,STO-01,Credit Card,65
 TRN-9110 ,12/25/2023,CUST-1255,STO-01,Cash,204
TRN-9111,11/19/2023,CUST-1335,STO-01,,308.75
TRN-9112,3/3/2024,CUST-1128,STO-02,Mobile Payment,170
,1/29/2023,CUST-1144,STO-01,Mobile Payment,378
TRN-9114,12/6/2022,CUST-1129,#N/A,Cash,754
TRN-9114,12/6/2022,CUST-1129,STO-03,Cash,754
,6/18/2024,,STO-04,Mobile Payment,775
TRN-9116,6/18/2024,CUST-1356,STO-04,Mobile Payment,775
TRN-9118,2/10/2025,CUST-1076,STO-04,,
 TRN-9119 ,7/10/2024, CUST-1122 ,STO-03,Mobile Payment,358
TRN-9120,2/19/2022,CUST-1167,STO-02,Mobile Payment,363
 TRN-9121 , 2022-08-05 , CUST-1310 ,,,
TRN-9122,5/31/2025,CUST-1243, STO-03 ,Credit Card,
TRN-9123,10/22/2022,CUST-1133,STO-03,Cash,273.7
TRN-9124,12/31/2025,CUST-1110,STO-03,,120
TRN-9125,7/7/2023,CUST-1118,STO-03,Debit Card,204
TRN-9126,, CUST-1396 ,STO-04, Debit Card ,536
TRN-9126,2/15/2024,CUST-1396,STO-04,Debit Card,536
 TRN-9128 , 2022-05-30 , CUST-1353 ,STO-01,Cash,375
TRN-9129,7/18/2025,CUST-1009,STO-04,Credit Card,160
TRN-9129,7/18/2025,CUST-1009,STO-04,Credit Card,160
TRN-9130,6/10/2023,CUST-1286,STO-01,Mobile Payment,320
TRN-9131,8/26/2023,CUST-1332,STO-03,Mobile Payment,558
TRN-9133,1/26/2025,CUST-1237, STO-01 ,Cash,216
TRN-9134,2/13/2024,CUST-1250, STO-02 ,Credit Card,306
TRN-9135,7/20/2023,CUST-1398,STO-04,Credit Card,180
TRN-9136,#N/A, CUST-1146 ,STO-01,Debit Card,140
TRN-9137,10/14/2024, CUST-1278 ,STO-04,Mobile Payment,220
TRN-9138,2/3/2026,CUST-1086,STO-03, Cash ,170
TRN-9139,7/8/2024,,STO-01,Mobile Payment,717.25
TRN-9140,6/29/2024,CUST-1050,STO-02,,284.75
TRN-9141,11/7/2025,CUST-1205,STO-02,,130
,11/3/2025,CUST-1380,,Debit Card,
TRN-9143,6/21/2024,CUST-1093,STO-03,Credit Card,
TRN-9144,11/9/2023,,STO-02,,
TRN-9145,5/11/2024,CUST-1232,STO-04,,303
TRN-9146,10/24/2025,CUST-1199,STO-03,Cash,58
 TRN-9147 ,1/10/2022,CUST-1055,STO-03,Cash,
TRN-9147,1/10/2022,CUST-1055,STO-03,Cash,58.5
 TRN-9149 , 2023-07-22 ,CUST-1194,STO-02, Credit Card ,58
 TRN-9150 ,5/11/2022,,,Cash,445
TRN-9150,5/11/2022,CUST-1222,STO-03,Cash,445
TRN-9151,5/20/2024,CUST-1024,STO-02,Mobile Payment,504.9
,,CUST-1260,,Debit Card,411.4
TRN-9154,2/21/2023,CUST-1351,STO-02,Cash,285
TRN-9155,3/12/2024, CUST-1377 ,STO-03,Cash,771
TRN-9156,6/22/2025,,#N/A,Mobile Payment,470.25
TRN-9156,6/22/2025,CUST-1111,STO-04,Mobile Payment,470.25
 TRN-9158 ,10/19/2024,CUST-1399,STO-02, Debit Card ,
TRN-9159,4/6/2025,CUST-1277,STO-02,Mobile Payment,390
TRN-9160,9/17/2025,CUST-1277, STO-02 ,Credit Card,865
 TRN-9161 ,1/11/2022,CUST-1171,STO-03,Debit Card,270.75
TRN-9162,4/7/2025,CUST-1183,STO-04,Mobile Payment,559
,11/16/2025,CUST-1352,STO-01,Credit Card,643
TRN-9164,10/14/2022,CUST-1137,STO-02,Mobile Payment,538.05
TRN-9165,9/27/2025, CUST-1108 ,STO-03,Credit Card,508
TRN-9166,9/12/2025,CUST-1297,STO-04,,259
 TRN-9167 ,4/26/2025,CUST-1196,#N/A, Mobile Payment ,366
TRN-9167,4/26/2025,CUST-1196,STO-01,Mobile Payment,366
TRN-9169,12/17/2023,CUST-1250,STO-02,#N/A,275
TRN-9169,12/17/2023,CUST-1250,STO-02,Debit Card,275
TRN-9170,2/5/2024,CUST-1155,STO-03,Mobile Payment,55
TRN-9172,5/14/2022,,,Debit Card,
TRN-9172,5/14/2022,CUST-1325,STO-01,Debit Card,442
,8/4/2025,CUST-1131,STO-04,Credit Card,627
 TRN-9175 ,12/20/2022,CUST-1251,STO-04, Credit Card ,500
#N/A,9/15/2025,CUST-1142,STO-01,,180
TRN-9177,9/29/2024, CUST-1241 ,STO-02,,58
TRN-9178,5/2/2025,CUST-1310,STO-02,Debit Card,178.5
TRN-9179,7/27/2025, CUST-1329 ,STO-04,Credit Card,180
TRN-9179,7/27/2025,CUST-1329,STO-04,Credit Card,180
TRN-9181,5/11/2022,CUST-1351,,Debit Card,210
 TRN-9182 ,8/22/2023,CUST-1395,STO-02,,130
TRN-9183,11/8/2023,CUST-1095,STO-02,Mobile Payment,690
 TRN-9184 ,8/18/2022,CUST-1207,STO-01,Debit Card,258
#N/A,7/11/2025, CUST-1051 ,STO-03,Credit Card,535
,#N/A, CUST-1399 ,STO-02,#N/A,239.4
TRN-9187,6/9/2022,,STO-01,Mobile Payment,605
, 2022-02-06 ,CUST-1069,STO-03,Mobile Payment,206.1
TRN-9189,4/5/2023,,,Cash,423
TRN-9189,4/5/2023,CUST-1215,STO-03,Cash,423
TRN-9191,12/1/2025,CUST-1104,,Credit Card,333
TRN-9192,5/21/2022,CUST-1262,,Mobile Payment,110
 TRN-9193 ,9/27/2024,CUST-1007,STO-04, Debit Card ,165
TRN-9193,9/27/2024,CUST-1007,STO-04,Debit Card,165
, 2022-07-09 , CUST-1367 ,,Mobile Payment,412.3
,7/7/2022,CUST-1082,STO-01,Cash,584
 TRN-9197 ,7/17/2025,,STO-02,Debit Card,455
TRN-9198,2/12/2025,CUST-1028,STO-03, Mobile Payment ,153
TRN-9198,2/12/2025,CUST-1028,STO-03,Mobile Payment,153
TRN-9200,3/20/2023,CUST-1334,STO-02,#N/A,100
TRN-9201, 2023-03-09 ,CUST-1065,STO-02, Credit Card ,269
TRN-9202,,CUST-1201,STO-04,,471
TRN-9203,1/20/2024,CUST-1105, STO-03 ,Cash,575
TRN-9204,8/24/2024,CUST-1065,STO-01,Cash,342
TRN-9205,#N/A,CUST-1163,STO-01, Mobile Payment ,65
,3/4/2022,,STO-02,,304
TRN-9207,8/4/2022, CUST-1207 ,STO-03,Credit Card,443.7
TRN-9208, 2024-06-15 , CUST-1113 , STO-01 ,Credit Card,180
TRN-9209,2/16/2022,CUST-1330, STO-02 ,Credit Card,260
TRN-9210,9/24/2025,CUST-1306, STO-01 ,,539
TRN-9211,,CUST-1237,STO-01,Mobile Payment,58
,5/15/2024,CUST-1302,#N/A,Mobile Payment,225
TRN-9212,5/15/2024,CUST-1302,STO-04,Mobile Payment,225
,8/19/2024, CUST-1200 ,STO-01,Debit Card,734
 TRN-9215 , 2025-10-25 ,CUST-1139,STO-03,Mobile Payment,185.25
TRN-9216,11/9/2022,CUST-1366, STO-04 ,Mobile Payment,594.7
,#N/A,CUST-1023, STO-03 ,Mobile Payment,
TRN-9217,3/13/2024,CUST-1023,STO-03,Mobile Payment,324
TRN-9219,5/4/2022,CUST-1286,STO-04,Cash,270
TRN-9220,6/22/2024, CUST-1208 ,STO-02,Credit Card,210
 TRN-9221 ,4/29/2024, CUST-1390 , STO-02 ,Cash,204
TRN-9222, 2023-11-23 ,CUST-1010,STO-03,,690
TRN-9222,11/23/2023,CUST-1010,STO-03,Debit Card,690
TRN-9224, 2025-03-28 , CUST-1205 ,STO-04,Credit Card,165
TRN-9225,11/9/2023,, STO-01 ,Credit Card,275
TRN-9226,,CUST-1165,STO-02,Cash,530
TRN-9227,4/23/2023,CUST-1292,STO-04,Credit Card,425
TRN-9228,8/31/2022,CUST-1091,STO-01,,604
TRN-9228,8/31/2022,CUST-1091,STO-01,Debit Card,604
TRN-9230,1/16/2023,CUST-1278,STO-02,Credit Card,475
TRN-9230,1/16/2023,CUST-1278,STO-02,Credit Card,475
TRN-9232,9/16/2023,, STO-03 ,Credit Card,459
 TRN-9233 ,3/25/2023,CUST-1065,,Cash,581
TRN-9234,4/29/2022,CUST-1376,STO-04,Credit Card,285
TRN-9235,9/26/2022,CUST-1316,STO-04,Cash,93.5
TRN-9235,9/26/2022,CUST-1316,STO-04,Cash,93.5
TRN-9237,12/10/2023,CUST-1023,STO-03,Debit Card,90.25
TRN-9238,10/23/2022,CUST-1188,,Mobile Payment,150
TRN-9239,11/23/2023,CUST-1091, STO-02 ,Cash,251.6
 TRN-9240 ,2/20/2026,CUST-1362, STO-01 ,Mobile Payment,
TRN-9241,9/30/2024,CUST-1314,STO-03,Cash,515
TRN-9242,#N/A,,STO-03,Debit Card,604
,3/25/2025,CUST-1002,,Cash,68
 TRN-9244 , 2024-03-22 ,CUST-1329,STO-02, Credit Card ,70
 TRN-9245 ,8/16/2022,CUST-1250,STO-01,Mobile Payment,570
TRN-9246,,CUST-1074,STO-01, Cash ,166.6
,7/13/2022,CUST-1127,STO-02,,80
TRN-9248, 2025-12-14 , CUST-1102 , STO-01 ,Credit Card,
TRN-9249,9/7/2025,CUST-1303,STO-04,,270
TRN-9250,,CUST-1298,STO-02, Cash ,210
,11/11/2023,CUST-1128,STO-03,Mobile Payment,148.5
 TRN-9252 ,6/10/2025,CUST-1194,STO-02,Credit Card,490
TRN-9253,#N/A,,STO-02, Mobile Payment ,100
TRN-9254,9/22/2023,CUST-1041,,Cash,215
 TRN-9255 ,5/10/2022, CUST-1370 ,STO-01,Credit Card,269
TRN-9255,5/10/2022,CUST-1370,STO-01,Credit Card,269
TRN-9257,5/10/2022,,STO-03,Debit Card,645
TRN-9258,1/29/2022,CUST-1039,#N/A,Cash,58
TRN-9259,12/16/2025,,,Credit Card,70
TRN-9260,8/8/2022, CUST-1304 , STO-03 , Cash ,534.6
,1/28/2025,CUST-1198,,Debit Card,190
TRN-9262,12/6/2025,,STO-03,,621
TRN-9263,2/25/2023,,STO-02,Mobile Payment,
TRN-9264, 2022-01-19 ,CUST-1104,,Credit Card,404.1
TRN-9265,6/11/2024,CUST-1016,STO-03,Cash,110.2
TRN-9266,3/25/2025,CUST-1062,STO-03, Credit Card ,161.5
,2/19/2022, CUST-1124 ,STO-01,Cash,477
TRN-9268,8/18/2023,CUST-1261,STO-03,Credit Card,
TRN-9269,9/28/2023,CUST-1350,STO-01,,359.55
TRN-9269,9/28/2023,CUST-1350,STO-01,Mobile Payment,359.55
TRN-9271,,CUST-1049,STO-03,Credit Card,55.25
TRN-9272,1/14/2024, CUST-1141 ,STO-03,Credit Card,200
 TRN-9273 ,11/30/2024, CUST-1268 ,STO-02,Credit Card,355
TRN-9274,2/25/2023,CUST-1262,,,264.35
TRN-9275,1/12/2023,CUST-1314,STO-02,Debit Card,220
, 2024-12-08 , CUST-1376 ,STO-02,Debit Card,195
TRN-9277, 2022-12-19 ,CUST-1279, STO-04 ,,279
TRN-9278,,CUST-1191,STO-01,Mobile Payment,605
TRN-9279,#N/A,,STO-01,,471.75
TRN-9280, 2025-07-29 , CUST-1323 ,STO-02,Credit Card,120
TRN-9281,9/11/2023,CUST-1156, STO-04 ,Debit Card,504
TRN-9282,1/30/2025,CUST-1399,STO-03,Debit Card,244
TRN-9283, 2022-04-27 ,CUST-1183,STO-02, Mobile Payment ,
TRN-9283,4/27/2022,CUST-1183,STO-02,Mobile Payment,485
TRN-9285,6/15/2025,CUST-1032, STO-01 , Cash ,515
#N/A,,CUST-1105, STO-03 , Credit Card ,405
 TRN-9287 ,8/3/2022,CUST-1047, STO-01 ,Credit Card,509
TRN-9287,8/3/2022,CUST-1047,STO-01,Credit Card,509
TRN-9289,8/29/2022,CUST-1121,STO-01,Mobile Payment,515
TRN-9290,, CUST-1053 ,STO-02,Debit Card,255
,6/30/2022,CUST-1242,STO-03,Mobile Payment,72.25
, 2024-08-28 ,CUST-1270,STO-01,Cash,599
 TRN-9293 ,1/20/2022, CUST-1261 ,STO-02, Credit Card ,451
TRN-9294,8/21/2024,CUST-1119,STO-03,,180
TRN-9295,6/29/2025,CUST-1010,STO-03,Debit Card,
TRN-9295,6/29/2025,CUST-1010,STO-03,Debit Card,711
TRN-9296,5/9/2025,CUST-1094,STO-02,Debit Card,560
TRN-9298,5/16/2025,,STO-03,Mobile Payment,120
TRN-9299,11/9/2024,CUST-1392,STO-01, Debit Card ,80
TRN-9300,2/26/2024,CUST-1368,STO-01,Debit Card,430
 TRN-9301 ,9/15/2023,CUST-1034,STO-02, Mobile Payment ,
#N/A,9/19/2022,CUST-1232,STO-04,Credit Card,482
TRN-9303,#N/A,CUST-1286,STO-04,Mobile Payment,463.25
TRN-9304,6/20/2022,, STO-02 ,Cash,385
TRN-9305,#N/A,CUST-1398,STO-03,Mobile Payment,314.5
 TRN-9306 , 2024-01-05 ,CUST-1215,STO-02,Cash,199.5
TRN-9307,1/24/2025, CUST-1200 ,STO-03,Mobile Payment,331
TRN-9308,7/17/2022,CUST-1306,STO-04,Debit Card,255
TRN-9308,7/17/2022,CUST-1306,STO-04,Debit Card,255
TRN-9310,2/26/2022,#N/A,STO-02,Credit Card,195
 TRN-9311 ,12/12/2025,CUST-1057,#N/A,Credit Card,110.2
TRN-9312,12/14/2024,CUST-1116, STO-02 ,Credit Card,465
TRN-9313,8/28/2024,CUST-1142,STO-01,Cash,505
TRN-9314,11/1/2025,CUST-1134,STO-02,Mobile Payment,153
 TRN-9315 ,12/3/2023,CUST-1031,STO-03,Mobile Payment,650.75
TRN-9315,12/3/2023,CUST-1031,STO-03,Mobile Payment,650.75
TRN-9317,, CUST-1335 ,STO-04,Cash,369.75
TRN-9318,1/4/2024,, STO-03 , Debit Card ,273
TRN-9319,7/6/2024,CUST-1329,STO-02,Debit Card,385
TRN-9320, 2022-07-18 ,CUST-1109,STO-03,,188
TRN-9321, 2022-06-15 ,CUST-1007,STO-02,Credit Card,340
TRN-9322,2/20/2026,, STO-02 ,Mobile Payment,130
TRN-9323,8/19/2023, CUST-1219 ,STO-01,Mobile Payment,120
TRN-9323,8/19/2023,CUST-1219,STO-01,Mobile Payment,120
TRN-9325,10/27/2023,CUST-1371,STO-04,Cash,215
TRN-9326,11/20/2025, CUST-1078 ,STO-02,#N/A,680
TRN-9327,12/16/2023,CUST-1039, STO-04 ,#N/A,280
TRN-9328,2/8/2024,CUST-1348,STO-01,Debit Card,338
TRN-9328,2/8/2024,CUST-1348,STO-01,Debit Card,338
TRN-9330,12/4/2023,CUST-1032,STO-01,Mobile Payment,
TRN-9331,10/26/2023,CUST-1252,STO-03,Credit Card,204
 TRN-9332 ,6/7/2023, CUST-1053 ,STO-04,Cash,395
TRN-9333,9/20/2023,CUST-1054,STO-02,Credit Card,100
TRN-9334,#N/A,CUST-1207,STO-04,#N/A,310.25
TRN-9335,9/28/2023,CUST-1036,STO-01,Cash,
 TRN-9336 ,4/20/2023,,STO-04,Debit Card,
TRN-9337,7/3/2025,CUST-1081,STO-04,Mobile Payment,189
TRN-9338,9/6/2022,CUST-1399,STO-02,Credit Card,376
TRN-9338,9/6/2022,CUST-1399,STO-02,Credit Card,376
 TRN-9340 ,3/12/2022,CUST-1316,STO-02,Debit Card,266
TRN-9341, 2022-09-18 ,CUST-1075,#N/A,Cash,120
TRN-9342,6/21/2023,,STO-02,,270
,8/10/2022, CUST-1127 ,STO-02,Cash,513
 TRN-9344 ,6/19/2025,CUST-1043,STO-03,,50
TRN-9345, 2024-06-24 ,CUST-1101,STO-04,Mobile Payment,468.9
TRN-9346,11/21/2024,,,Mobile Payment,360
TRN-9346,11/21/2024,CUST-1022,STO-04,Mobile Payment,360
 TRN-9348 ,3/27/2025,,,Mobile Payment,465
TRN-9348,3/27/2025,CUST-1186,STO-04,Mobile Payment,465
 TRN-9350 ,10/15/2025,CUST-1324,STO-04,,360
TRN-9351, 2024-05-21 ,CUST-1343,,Mobile Payment,335
TRN-9352,3/10/2022,CUST-1079,STO-02, Debit Card ,233.7
#N/A,7/2/2025,CUST-1219,STO-04,Cash,191
TRN-9354,12/15/2023,CUST-1213,STO-01,Debit Card,485
TRN-9355, 2026-02-15 ,CUST-1398,STO-04, Debit Card ,150
TRN-9356,7/14/2023,CUST-1261,#N/A,Cash,
TRN-9356,7/14/2023,CUST-1261,STO-02,Cash,464
TRN-9358, 2023-01-30 ,CUST-1147,STO-02,Mobile Payment,170
,,CUST-1217,STO-04,Cash,535
TRN-9360, 2023-11-28 ,#N/A, STO-04 ,Mobile Payment,330
,,CUST-1190,STO-03,,495
TRN-9362,11/21/2023,CUST-1168,STO-03,Credit Card,693.5
 TRN-9363 ,1/20/2026,CUST-1167,STO-03,Debit Card,361
TRN-9363,1/20/2026,CUST-1167,STO-03,Debit Card,361
TRN-9364,8/12/2022,CUST-1388,STO-02,Mobile Payment,390
TRN-9366,4/17/2023,CUST-1313,STO-02,Debit Card,330
TRN-9366,4/17/2023,CUST-1313,STO-02,Debit Card,330
TRN-9367,2/15/2023,CUST-1395,STO-02,Cash,440
TRN-9368,9/3/2022,CUST-1189,STO-02,Mobile Payment,434
TRN-9370,1/24/2024,CUST-1059,STO-02,Credit Card,406.6
TRN-9371,10/20/2023,CUST-1359,STO-03, Credit Card ,275.5
TRN-9372,7/28/2025,CUST-1235,STO-02,Cash,
TRN-9373,10/27/2022,CUST-1026,#N/A,Credit Card,420
 TRN-9374 ,10/1/2025,CUST-1267,STO-03,Credit Card,514
TRN-9375,2/1/2024,,,Mobile Payment,459
TRN-9375,2/1/2024,CUST-1193,STO-03,Mobile Payment,459
TRN-9377,#N/A,CUST-1050,STO-01,,449
TRN-9377,6/24/2025,CUST-1050,STO-01,Mobile Payment,449
TRN-9379,1/6/2025,CUST-1381,STO-04,Cash,200
TRN-9379,1/6/2025,CUST-1381,STO-04,Cash,200
TRN-9381,7/7/2022,CUST-1257,STO-01,Mobile Payment,185.25
,10/16/2023,CUST-1226,STO-02, Debit Card ,120
TRN-9383,2/5/2025,CUST-1210,STO-04,Cash,340
TRN-9384,7/24/2025,CUST-1309,STO-04,Debit Card,149.6
 TRN-9385 , 2024-01-19 ,#N/A, STO-03 ,Credit Card,311
TRN-9386,1/16/2023,CUST-1276,STO-02,Debit Card,377
TRN-9387,2/4/2022,CUST-1347, STO-01 ,Cash,215
TRN-9387,2/4/2022,CUST-1347,STO-01,Cash,215
TRN-9389,9/14/2023, CUST-1085 ,STO-04,Cash,354.6
TRN-9390,2/7/2022,CUST-1100,STO-01,Credit Card,440
TRN-9391,2/5/2023,CUST-1264,STO-04,Debit Card,140.25
TRN-9392,,CUST-1330,STO-04,Mobile Payment,
#N/A,,CUST-1303,STO-04,Debit Card,280
,3/16/2025,,STO-01,Mobile Payment,174
TRN-9395, 2022-02-12 , CUST-1106 ,STO-03,Cash,570
TRN-9396,9/28/2023,CUST-1314, STO-03 ,Mobile Payment,660
TRN-9397,#N/A,CUST-1084,,Credit Card,
TRN-9398, 2022-05-23 ,CUST-1378,,Cash,673
,6/1/2025,,STO-03,Credit Card,351
TRN-9400,5/10/2024,CUST-1206,STO-04, Mobile Payment ,505
, 2025-03-22 ,CUST-1375,STO-02,Cash,225.25
TRN-9401,3/22/2025,CUST-1375,STO-02,Cash,225.25
TRN-9403,9/24/2024,,STO-02,Debit Card,150
TRN-9404,11/7/2022,CUST-1038, STO-01 ,Cash,
TRN-9405,7/8/2023,CUST-1055,STO-03, Credit Card ,368.05
TRN-9406,2/4/2026,CUST-1297,STO-01,Cash,270
TRN-9407,8/1/2022,CUST-1147,,Mobile Payment,550
, 2022-04-06 ,CUST-1260,STO-02,Debit Card,310
TRN-9409,11/5/2023, CUST-1202 ,STO-01,Mobile Payment,550
TRN-9410, 2024-03-06 , CUST-1248 ,STO-04,Mobile Payment,483.55
TRN-9411, 2022-04-09 ,CUST-1096,STO-04, Cash ,631
TRN-9412,3/30/2022,CUST-1379, STO-01 , Debit Card ,568.65
TRN-9413, 2024-04-22 ,CUST-1014,STO-02,Cash,60
TRN-9413,4/22/2024,CUST-1014,STO-02,Cash,60
,12/22/2024,CUST-1212,STO-03,Debit Card,80
TRN-9416, 2025-12-16 ,CUST-1161,STO-04, Credit Card ,110
TRN-9417,,CUST-1341,STO-03,Cash,417
TRN-9418, 2023-08-30 ,CUST-1182,STO-01,Credit Card,424.15
 TRN-9419 ,10/4/2025,CUST-1088,STO-03,Cash,340
TRN-9420,4/28/2025,CUST-1047,STO-03,Cash,380
,,CUST-1267,STO-01, Mobile Payment ,494
TRN-9422, 2023-11-01 ,CUST-1112,STO-03,Credit Card,258
TRN-9423,8/7/2025,CUST-1288,STO-02,Credit Card,415
TRN-9423,8/7/2025,CUST-1288,STO-02,Credit Card,415
 TRN-9425 ,,CUST-1045,STO-02,Cash,520
TRN-9426,9/7/2025,CUST-1122,STO-03,Credit Card,
TRN-9427,12/29/2025,CUST-1134, STO-04 ,#N/A,80.75
TRN-9428,4/6/2025,,STO-03,Debit Card,140
TRN-9428,4/6/2025,CUST-1087,STO-03,Debit Card,140
TRN-9430,10/19/2023, CUST-1061 ,STO-02,Mobile Payment,348.5
TRN-9431,7/9/2023, CUST-1111 , STO-04 ,Cash,742.5
TRN-9431,7/9/2023,CUST-1111,STO-04,Cash,742.5
TRN-9432,1/9/2026,CUST-1010,STO-03,Mobile Payment,274
TRN-9433,10/26/2022,CUST-1268,STO-04,Credit Card,120
TRN-9435,4/19/2025,CUST-1165,STO-03,Debit Card,49.3
TRN-9436,7/20/2024,CUST-1256,STO-03,Debit Card,310
TRN-9437,11/28/2025,CUST-1314,STO-02,Mobile Payment,342
TRN-9438,, CUST-1048 ,STO-03,Cash,200
TRN-9438,1/26/2025,CUST-1048,STO-03,Cash,200
 TRN-9440 ,9/5/2023, CUST-1279 ,STO-02,Mobile Payment,445
TRN-9441,7/12/2023,CUST-1026, STO-03 ,Credit Card,393
TRN-9441,7/12/2023,CUST-1026,STO-03,Credit Card,393
 TRN-9443 ,8/29/2025,CUST-1251,,,290
TRN-9444, 2024-08-21 ,CUST-1073,STO-02,Debit Card,258
TRN-9445,4/20/2024,CUST-1285, STO-01 , Credit Card ,627
 TRN-9446 ,9/6/2023,CUST-1324,STO-01, Mobile Payment ,158
,4/29/2022,CUST-1071, STO-04 ,Credit Card,64.6
TRN-9447,4/29/2022,CUST-1071,STO-04,Credit Card,64.6
TRN-9448,8/27/2022,CUST-1370,STO-02,Credit Card,261
TRN-9449,5/5/2024,CUST-1076,STO-02,Mobile Payment,380
TRN-9450,4/29/2025,CUST-1354,STO-03,Mobile Payment,630
TRN-9451,1/4/2023,CUST-1020,STO-04,Debit Card,174
TRN-9453,7/5/2023, CUST-1262 ,STO-01,Credit Card,355
TRN-9454,5/28/2024,CUST-1096,STO-02,Mobile Payment,283
TRN-9455, 2022-05-01 ,#N/A,STO-04,Mobile Payment,574.75
TRN-9456,2/15/2023,CUST-1075,,Cash,70
,9/10/2025,CUST-1359,STO-02,Mobile Payment,673
 TRN-9458 ,5/9/2022,CUST-1047, STO-02 ,Cash,
TRN-9459,4/14/2023,CUST-1311,STO-03,Credit Card,168
TRN-9459,4/14/2023,CUST-1311,STO-03,Credit Card,168
TRN-9460,4/28/2024,CUST-1345,STO-02,Cash,795
 TRN-9462 , 2026-02-06 ,CUST-1280,STO-02,,426
TRN-9463,7/24/2023,CUST-1349,STO-03,Credit Card,391.5
 TRN-9464 ,7/31/2025,CUST-1355,STO-02,Cash,583
TRN-9465,11/5/2024, CUST-1082 ,STO-01,#N/A,51
TRN-9466,11/9/2024,CUST-1227,, Debit Card ,174
TRN-9467,12/24/2022,CUST-1391,STO-02, Mobile Payment ,178.6
TRN-9468,3/24/2024,, STO-04 ,Credit Card,378.25
TRN-9469,#N/A, CUST-1382 ,STO-04,Debit Card,204
TRN-9470,6/29/2025,,,Cash,58
TRN-9471, 2022-08-24 ,,STO-01,Mobile Payment,314
TRN-9472,4/1/2024,CUST-1188,STO-03,,165
TRN-9473,8/17/2024,CUST-1253,STO-03,,376.2
TRN-9474,9/5/2022,CUST-1290,STO-01,Mobile Payment,455
TRN-9475, 2023-02-18 ,CUST-1183,STO-03,,136
TRN-9475,2/18/2023,CUST-1183,STO-03,Cash,136
TRN-9477, 2025-07-05 ,CUST-1274,STO-02,Credit Card,460
TRN-9478,4/8/2025,CUST-1233,STO-01,Debit Card,
TRN-9479, 2023-12-19 ,CUST-1212, STO-01 ,Credit Card,579
TRN-9480,6/21/2025,CUST-1251,STO-04,Cash,85
TRN-9481,10/30/2025,CUST-1265,STO-01,Mobile Payment,663
TRN-9482, 2023-02-18 ,CUST-1373, STO-01 ,Cash,
TRN-9483,8/22/2024,CUST-1031,STO-02, Mobile Payment ,204
TRN-9484,3/14/2025,,STO-02, Mobile Payment ,475
 TRN-9485 , 2025-03-29 ,CUST-1038,STO-04,Mobile Payment,165
TRN-9485,3/29/2025,CUST-1038,STO-04,Mobile Payment,165
 TRN-9487 ,1/7/2024,CUST-1314,STO-04,Cash,180
TRN-9488, 2022-03-05 ,CUST-1052,STO-04,Mobile Payment,495
TRN-9489,,CUST-1039,STO-03,Credit Card,80.75
 TRN-9490 , 2023-01-08 ,CUST-1034, STO-01 ,Mobile Payment,499.7
#N/A,,,STO-02,Mobile Payment,130
,10/22/2024,CUST-1156,STO-04,,208.25
 TRN-9493 ,, CUST-1054 ,STO-01, Cash ,246
TRN-9494,5/17/2025,CUST-1302,STO-01,Mobile Payment,55
TRN-9495,3/26/2025,CUST-1315,STO-01,Debit Card,129.2
,10/23/2022,CUST-1257,STO-04,Credit Card,386
TRN-9497,,CUST-1304,STO-04,Cash,264
TRN-9498,8/3/2024,,#N/A,Debit Card,325
, 2024-07-05 ,CUST-1007,STO-03,Cash,584
,,CUST-1302,STO-03,,401
 TRN-9501 ,#N/A,CUST-1190,STO-03,Mobile Payment,135
 TRN-9502 ,9/9/2022,,#N/A,Credit Card,306
TRN-9503,,CUST-1212,, Debit Card ,55.25
,7/4/2022,CUST-1066, STO-03 , Credit Card ,58
TRN-9505, 2025-07-10 ,CUST-1345,STO-01,Mobile Payment,310
TRN-9506,4/21/2024,CUST-1219,STO-03,Credit Card,442
TRN-9507,,CUST-1309,,Credit Card,115
TRN-9508,4/11/2024,CUST-1034,STO-03, Credit Card ,170
TRN-9508,4/11/2024,CUST-1034,STO-03,Credit Card,170
TRN-9510,9/28/2025,CUST-1176,STO-03,Mobile Payment,198
 TRN-9511 ,, CUST-1353 ,STO-03,Debit Card,514
TRN-9511,8/11/2023,CUST-1353,STO-03,Debit Card,514
 TRN-9513 ,9/29/2024,CUST-1366,STO-03, Debit Card ,273
TRN-9513,9/29/2024,CUST-1366,STO-03,Debit Card,273
TRN-9515,11/29/2024,CUST-1147, STO-03 ,Mobile Payment,80
TRN-9516,4/29/2024,CUST-1188,STO-01,,653
TRN-9517,7/18/2025,CUST-1184,STO-03,,59.5
TRN-9518,12/28/2022,CUST-1337,,Cash,283.5
TRN-9519,,CUST-1026,STO-03,Debit Card,599
TRN-9520,11/1/2025,CUST-1206,STO-03,Credit Card,120
TRN-9521,8/24/2023,CUST-1317,STO-01,#N/A,320
TRN-9522,6/6/2023,CUST-1356,,Debit Card,
TRN-9523,11/22/2023,CUST-1018,STO-01,Debit Card,558
TRN-9524,6/28/2023,CUST-1342,STO-03,Credit Card,265
TRN-9525,6/10/2023,#N/A,STO-04, Cash ,55
TRN-9526,2/24/2026,CUST-1113,STO-01, Mobile Payment ,156.75
TRN-9527,,CUST-1047, STO-03 ,Cash,276
TRN-9528,1/20/2022,CUST-1091,STO-02,Cash,511
 TRN-9529 ,8/25/2022, CUST-1288 ,STO-02,Mobile Payment,390
TRN-9530,2/19/2026, CUST-1239 ,STO-01, Cash ,404
 TRN-9531 ,7/15/2024, CUST-1205 ,STO-02,Credit Card,308
TRN-9532, 2024-09-17 ,CUST-1388,STO-02,Cash,464
TRN-9533,9/6/2023,CUST-1343,, Mobile Payment ,328.7
TRN-9534,3/26/2023,CUST-1181,STO-03,Mobile Payment,335
TRN-9534,3/26/2023,CUST-1181,STO-03,Mobile Payment,335
TRN-9536,1/22/2026,CUST-1107,,Mobile Payment,
TRN-9537,9/15/2023,CUST-1256,STO-02,Credit Card,
TRN-9537,9/15/2023,CUST-1256,STO-02,Credit Card,820
TRN-9539,2/20/2024,CUST-1244,STO-03,Debit Card,369
TRN-9539,2/20/2024,CUST-1244,STO-03,Debit Card,369
TRN-9540,1/7/2022,CUST-1038,STO-01,Cash,716
TRN-9542,11/9/2023,CUST-1239,STO-04,,72.25
TRN-9543,3/20/2022,CUST-1332,STO-04,Debit Card,117
TRN-9544,,CUST-1066,STO-01,Debit Card,510
TRN-9545,6/23/2024,CUST-1083,STO-01,Debit Card,725
 TRN-9546 ,2/24/2023,CUST-1251,STO-04, Credit Card ,110
TRN-9547,8/29/2022,#N/A,STO-03,Mobile Payment,120
TRN-9547,8/29/2022,CUST-1015,STO-03,Mobile Payment,120
,3/2/2023,#N/A, STO-02 ,Debit Card,360
TRN-9550,, CUST-1021 , STO-02 ,Credit Card,
TRN-9551,10/1/2025,CUST-1253,STO-04,Cash,245.7
TRN-9551,10/1/2025,CUST-1253,STO-04,Cash,245.7
 TRN-9553 ,9/21/2025,CUST-1128,STO-04,Credit Card,184.5
TRN-9554,6/5/2025,,STO-02,Cash,355
TRN-9555, 2025-11-10 , CUST-1076 ,STO-02,Credit Card,110
,12/6/2025,#N/A, STO-01 ,,150
 TRN-9557 ,11/14/2022,CUST-1103,STO-04,Debit Card,65
#N/A,, CUST-1074 ,STO-03,Cash,224
TRN-9559,,CUST-1396, STO-01 ,Credit Card,360
TRN-9560,#N/A,CUST-1395, STO-04 ,Credit Card,319
TRN-9561,2/15/2026,CUST-1101,STO-02,,374
TRN-9562,5/8/2023,CUST-1355,STO-02,Credit Card,643
TRN-9562,5/8/2023,CUST-1355,STO-02,Credit Card,643
 TRN-9564 ,,CUST-1150,STO-04,Mobile Payment,
TRN-9565, 2022-02-14 ,CUST-1352,STO-01, Credit Card ,311.1
TRN-9566,4/18/2023,CUST-1115,STO-01,,326
#N/A,10/10/2024, CUST-1132 ,STO-03, Cash ,280
TRN-9568,6/10/2022,CUST-1131,STO-01,Debit Card,242.25
TRN-9568,6/10/2022,CUST-1131,STO-01,Debit Card,242.25
TRN-9570,8/24/2024,CUST-1023,STO-02,Mobile Payment,316
TRN-9571,8/11/2025,CUST-1124,STO-01,,68
TRN-9572,7/1/2025,CUST-1239,STO-02,Cash,310
#N/A,2/20/2022,CUST-1297,,Cash,352
TRN-9574,, CUST-1306 ,STO-03, Mobile Payment ,256
,5/24/2023, CUST-1063 ,STO-03,Mobile Payment,170
TRN-9576,1/23/2025,CUST-1341,STO-02,Credit Card,216
 TRN-9577 ,9/4/2025,CUST-1096,STO-04,,116
,6/29/2023,CUST-1123,STO-03, Debit Card ,274
 TRN-9579 ,11/3/2025,CUST-1319,STO-02,Debit Card,
TRN-9580,2/3/2025,CUST-1073, STO-01 ,Cash,510
TRN-9581,8/10/2024,CUST-1233,#N/A,Credit Card,386
TRN-9582,6/16/2024,CUST-1138,STO-03,Cash,
TRN-9583,11/11/2022,#N/A, STO-03 ,Debit Card,564
TRN-9584,,CUST-1079,STO-02,Cash,704.65
TRN-9585,9/1/2022,CUST-1054,STO-03,Mobile Payment,284
TRN-9586,6/3/2023,CUST-1283, STO-01 ,Mobile Payment,145
,5/30/2025,CUST-1363, STO-04 ,Mobile Payment,590
TRN-9588,#N/A,CUST-1002,STO-02, Debit Card ,465
TRN-9589,12/2/2022,CUST-1025,STO-04,Mobile Payment,230
TRN-9590,11/28/2022, CUST-1191 , STO-03 ,Debit Card,275
TRN-9591,,CUST-1128,STO-01,Debit Card,
#N/A,7/21/2022,CUST-1286,,,654
TRN-9593,12/2/2025, CUST-1325 ,STO-02,Credit Card,
 TRN-9594 ,2/14/2022,CUST-1283,STO-01,#N/A,524
TRN-9595,12/1/2023, CUST-1212 ,STO-04,Debit Card,162.9
TRN-9596,4/12/2022,CUST-1080,STO-02,Credit Card,
TRN-9597,6/1/2023,CUST-1165,STO-01,#N/A,110
TRN-9598,10/28/2023,CUST-1266,STO-02,Mobile Payment,453
TRN-9599,1/25/2025,CUST-1319,,Credit Card,195
 TRN-9600 ,10/8/2023,CUST-1113,STO-03,Debit Card,384.2
TRN-9601,5/14/2024,CUST-1071,,Cash,640
,10/15/2022, CUST-1148 ,STO-04,Credit Card,416.7
,1/11/2022,CUST-1342,STO-01,Debit Card,150
TRN-9604,1/4/2026,CUST-1255,STO-04,Cash,240
,9/7/2025,CUST-1141,STO-04, Debit Card ,114
TRN-9606,6/2/2025,CUST-1255, STO-01 , Credit Card ,395.25
TRN-9607,6/29/2023,CUST-1056,STO-03,Debit Card,681
TRN-9608,5/24/2025,CUST-1343,STO-04,Credit Card,
TRN-9608,5/24/2025,CUST-1343,STO-04,Credit Card,216
TRN-9610,6/21/2023,CUST-1096,STO-03,,212.5
TRN-9611,4/16/2023,CUST-1293,STO-04,#N/A,
TRN-9612,4/23/2025, CUST-1329 ,,Credit Card,195
TRN-9613,12/12/2024,CUST-1320,,Cash,136
TRN-9614,4/30/2023,CUST-1014,STO-03,Debit Card,218
TRN-9615,1/5/2022,CUST-1342,STO-02,Cash,370
TRN-9616,,CUST-1120,STO-04,Debit Card,515
TRN-9617,12/12/2022, CUST-1254 ,STO-03,Credit Card,419
#N/A,6/20/2022, CUST-1148 ,STO-01, Debit Card ,629
TRN-9619,11/2/2024,CUST-1129,STO-03,Cash,280
TRN-9620,12/25/2022,#N/A,STO-02,,510
TRN-9621,7/13/2023,CUST-1312,STO-04, Debit Card ,479.4
TRN-9622,11/23/2024,CUST-1381,STO-01,Credit Card,59.5
TRN-9623,5/8/2023,CUST-1040,STO-02,Cash,680
TRN-9624,6/28/2025,CUST-1343, STO-02 ,,335
TRN-9625,2/22/2023,CUST-1090,STO-03, Mobile Payment ,260
 TRN-9626 , 2023-08-02 ,CUST-1038,STO-01,Mobile Payment,100
TRN-9626,8/2/2023,CUST-1038,STO-01,Mobile Payment,100
#N/A,3/24/2025,CUST-1371,STO-02,,85.5
TRN-9629,#N/A,CUST-1275,STO-04,Mobile Payment,426.6
TRN-9630,3/30/2023,CUST-1312,STO-02,,185
TRN-9630,3/30/2023,CUST-1312,STO-02,Debit Card,185
TRN-9632,8/9/2025,#N/A,STO-02,Cash,649
,11/17/2025,CUST-1291,STO-01,,61.75
TRN-9633,11/17/2025,CUST-1291,STO-01,Debit Card,61.75
TRN-9635,5/27/2023, CUST-1143 ,STO-04,Debit Card,68
 TRN-9636 ,7/31/2022,CUST-1299,STO-02,Mobile Payment,369
TRN-9636,7/31/2022,CUST-1299,STO-02,Mobile Payment,369
TRN-9638,7/24/2022,CUST-1066,STO-01,Cash,360
TRN-9639,11/19/2022,CUST-1211,STO-04,Debit Card,242
TRN-9640,4/29/2024,CUST-1335,STO-02,Debit Card,470.25
TRN-9641,2/13/2022,CUST-1269,STO-04,Debit Card,480
TRN-9642, 2022-03-08 ,CUST-1030,STO-03,Credit Card,510
TRN-9643,10/18/2024, CUST-1269 ,STO-02,Debit Card,510
TRN-9644,2/13/2023,CUST-1387,,Credit Card,775
TRN-9645,4/21/2022,CUST-1091,STO-02,#N/A,278
 TRN-9646 ,3/12/2022,CUST-1023,,Credit Card,411.4
 TRN-9647 , 2022-07-04 ,CUST-1250,STO-04,Mobile Payment,174
TRN-9648,5/30/2025,,STO-04,Debit Card,240
 TRN-9649 , 2022-11-23 ,CUST-1330,#N/A,Mobile Payment,175
TRN-9650,9/18/2025,CUST-1282, STO-04 ,Mobile Payment,624
TRN-9651,12/8/2024,,STO-01,,440
TRN-9652,5/28/2022,CUST-1099,STO-04, Mobile Payment ,
#N/A,2/10/2024,CUST-1357, STO-02 ,#N/A,279
 TRN-9654 ,4/2/2025, CUST-1093 ,STO-01,Credit Card,68
TRN-9655,3/4/2024,CUST-1172,STO-02,Cash,204
,, CUST-1358 ,#N/A,Cash,250
TRN-9657,11/26/2025,#N/A,STO-02,Debit Card,344
TRN-9657,11/26/2025,CUST-1169,STO-02,Debit Card,344
TRN-9659, 2024-07-09 ,CUST-1139,STO-02,Credit Card,418.95
, 2023-10-03 ,CUST-1371,STO-01,,50
TRN-9661,12/7/2022,CUST-1151, STO-03 , Debit Card ,643
#N/A,11/4/2024,CUST-1362,STO-03,Credit Card,430
TRN-9663,,CUST-1219,STO-03, Cash ,506.35
TRN-9664, 2023-10-09 ,,STO-01, Cash ,355
TRN-9665,12/6/2024,CUST-1211,STO-02,Cash,209.7
 TRN-9666 , 2024-11-28 ,,STO-04,Credit Card,46.75
TRN-9667,12/23/2025,CUST-1057,STO-01, Cash ,606.6
TRN-9668,8/22/2023, CUST-1039 ,STO-04,Cash,625
TRN-9669,10/14/2023,CUST-1395,STO-04,Mobile Payment,266
TRN-9670,7/31/2022,CUST-1170, STO-04 ,,360
 TRN-9671 , 2023-12-15 ,CUST-1036, STO-02 , Cash ,
TRN-9672,7/31/2024,CUST-1125,STO-03,Debit Card,260
TRN-9673,,CUST-1313,,Credit Card,575
 TRN-9674 ,5/20/2023,CUST-1057,STO-02,Cash,680
TRN-9675, 2023-12-08 ,CUST-1349,,Mobile Payment,403.75
TRN-9675,12/8/2023,CUST-1349,STO-04,Mobile Payment,403.75
TRN-9676,3/24/2023,CUST-1382,STO-03,Credit Card,140
TRN-9678,1/25/2026,CUST-1371,STO-04,Debit Card,208.25
TRN-9679,3/2/2023,CUST-1362, STO-03 ,Mobile Payment,596
 TRN-9680 , 2022-03-07 ,CUST-1103,STO-03,Mobile Payment,380
TRN-9681,1/31/2023,CUST-1068,STO-04,Credit Card,170
TRN-9682,8/11/2024,CUST-1226, STO-04 ,Debit Card,120
TRN-9683,5/29/2024,CUST-1086,STO-01,Mobile Payment,355
TRN-9683,5/29/2024,CUST-1086,STO-01,Mobile Payment,355
TRN-9685,1/3/2024,CUST-1018,STO-03, Cash ,95
 TRN-9686 ,2/20/2023, CUST-1075 ,,Debit Card,
TRN-9687,10/9/2023, CUST-1106 ,STO-02,Debit Card,306
TRN-9688,11/13/2025,CUST-1359,STO-04,,90.25
TRN-9689,,CUST-1038,STO-04,Cash,645
TRN-9690,11/19/2023, CUST-1070 ,STO-03,Credit Card,521.9
TRN-9691,11/25/2022, CUST-1121 ,STO-02,Mobile Payment,70
TRN-9692,,CUST-1063, STO-04 ,Debit Card,405
 TRN-9693 ,6/4/2023,CUST-1119,STO-04,Debit Card,380
TRN-9694,2/21/2022,CUST-1359,,Cash,180
TRN-9695,1/25/2024,CUST-1200,STO-01,Credit Card,286
TRN-9696,,CUST-1150,STO-03,,
TRN-9697, 2023-08-17 ,CUST-1328, STO-04 ,Debit Card,308.75
TRN-9698,8/3/2022,,STO-03,Cash,327
TRN-9699,1/17/2024,CUST-1399,, Credit Card ,110
#N/A,,CUST-1071,STO-03,Debit Card,378
TRN-9701, 2026-02-10 ,,STO-01,Credit Card,160
TRN-9702,10/29/2025,CUST-1377,STO-02,Cash,95
TRN-9702,10/29/2025,CUST-1377,STO-02,Cash,95
TRN-9704,1/12/2024,CUST-1349,STO-02,Debit Card,468
TRN-9705,7/4/2022,CUST-1046,,Mobile Payment,603
TRN-9706,,CUST-1114,,Debit Card,415
TRN-9707,,CUST-1298,,,229.5
,3/28/2025,CUST-1314,STO-03,Mobile Payment,
TRN-9708,3/28/2025,CUST-1314,STO-03,Mobile Payment,240
TRN-9710,11/23/2025,CUST-1243,STO-04,Cash,58
TRN-9711,9/8/2025,CUST-1242,STO-04,Cash,328.1
TRN-9712,#N/A,CUST-1041,STO-04,Mobile Payment,250
,2/23/2025,CUST-1378,STO-04,Mobile Payment,565
TRN-9713,2/23/2025,CUST-1378,STO-04,Mobile Payment,565
TRN-9714,6/5/2025,CUST-1315,STO-03,Cash,110
,7/14/2025,CUST-1297,STO-04, Debit Card ,285
TRN-9716,7/14/2025,CUST-1297,STO-04,Debit Card,285
TRN-9718,11/15/2022,CUST-1393,STO-02,Cash,268
TRN-9719,6/4/2024, CUST-1341 ,STO-02, Mobile Payment ,516.8
TRN-9720,9/15/2023,CUST-1152,STO-03,Credit Card,401
TRN-9721,,CUST-1114,STO-04,Debit Card,410
TRN-9721,1/15/2025,CUST-1114,STO-04,Debit Card,410
TRN-9722,2/24/2025,CUST-1048,STO-04,Cash,427.5
,4/24/2023,CUST-1257, STO-01 ,Credit Card,59.5
TRN-9725,5/24/2025,CUST-1125,,#N/A,306
 TRN-9726 ,8/17/2023, CUST-1172 ,STO-03, Debit Card ,489.6
TRN-9727,5/28/2023,CUST-1082,,Debit Card,171
TRN-9728,,CUST-1389,STO-02, Mobile Payment ,123.5
TRN-9729,9/15/2023,CUST-1335,STO-04,,328
TRN-9730,8/14/2023, CUST-1154 ,STO-01,Credit Card,170
TRN-9731,4/27/2024,CUST-1293,STO-03,,268
TRN-9731,4/27/2024,CUST-1293,STO-03,Debit Card,268
TRN-9732,6/1/2025,CUST-1154,STO-04,Credit Card,175.5
TRN-9734,1/5/2025,,STO-03, Mobile Payment ,285
,9/2/2023,CUST-1067,STO-02,Credit Card,416.1
TRN-9736,,CUST-1184,STO-02, Credit Card ,552.6
TRN-9736,6/19/2024,CUST-1184,STO-02,Credit Card,552.6
TRN-9738,12/24/2025,CUST-1268,STO-04,Credit Card,436
TRN-9739,8/19/2022,#N/A,STO-01,Debit Card,
TRN-9740,9/3/2025,CUST-1206,STO-01,Credit Card,671
TRN-9741,11/7/2022,CUST-1142,STO-01,Credit Card,190
TRN-9741,11/7/2022,CUST-1142,STO-01,Credit Card,190
TRN-9743, 2023-04-21 ,CUST-1139,STO-02,,361.95
 TRN-9744 ,,CUST-1185,STO-01,Debit Card,475
TRN-9745,,CUST-1257, STO-04 ,Debit Card,108
, 2024-11-03 ,CUST-1231,STO-03,Debit Card,369.75
TRN-9746,11/3/2024,CUST-1231,STO-03,Debit Card,369.75
TRN-9748,9/12/2022,,STO-02,,
TRN-9748,9/12/2022,CUST-1001,STO-02,Credit Card,196
TRN-9750,1/17/2022,CUST-1167,STO-03,Debit Card,339
 TRN-9751 , 2024-06-11 ,,STO-04, Credit Card ,385
TRN-9751,6/11/2024,CUST-1355,STO-04,Credit Card,385
TRN-9753,6/29/2024, CUST-1225 ,#N/A,Credit Card,58
TRN-9754,4/11/2024, CUST-1216 ,STO-02,Debit Card,
TRN-9754,4/11/2024,CUST-1216,STO-02,Debit Card,246
TRN-9755,9/26/2022,CUST-1176,STO-01,Debit Card,330
TRN-9756,4/17/2025,CUST-1383,STO-02,Mobile Payment,160.2
TRN-9758,,CUST-1216,STO-04,Debit Card,110
TRN-9759, 2024-09-29 ,CUST-1096,STO-03, Cash ,110
TRN-9760,7/30/2024,CUST-1277,STO-01, Debit Card ,310
TRN-9761,3/16/2023,#N/A,STO-04,,220.5
TRN-9762,5/28/2022,CUST-1395,STO-03,Debit Card,646
TRN-9763,11/21/2023,CUST-1366, STO-02 ,Mobile Payment,423
TRN-9764,10/13/2023,CUST-1296,STO-02,Cash,265
TRN-9765,3/25/2022, CUST-1251 ,,Cash,690
TRN-9766,7/21/2023,CUST-1270,STO-01,#N/A,283
TRN-9767,12/29/2023,, STO-04 ,Debit Card,305
TRN-9768,,CUST-1079,STO-01,Debit Card,204
TRN-9769,8/26/2024,CUST-1028, STO-03 ,Cash,153
TRN-9770,12/6/2022,,STO-03,Credit Card,340
TRN-9771,2/16/2024,CUST-1148,STO-02,Debit Card,492
,1/2/2023,CUST-1357,STO-03,Mobile Payment,255
TRN-9773, 2025-11-10 ,CUST-1132,STO-02,,133
TRN-9774,,,STO-03,Mobile Payment,350.55
TRN-9775,12/10/2024,CUST-1019,STO-02,,285
TRN-9776,,CUST-1256,STO-01,Debit Card,508.25
TRN-9777,2/20/2024,CUST-1172,STO-03,,
TRN-9778, 2023-12-10 ,CUST-1002,STO-01,Credit Card,230
,1/2/2025,CUST-1057,,Debit Card,165
TRN-9780,2/6/2022, CUST-1052 ,STO-02,Mobile Payment,223
TRN-9781,#N/A,CUST-1346,STO-02,Debit Card,150
TRN-9782,#N/A,CUST-1288,STO-03,Credit Card,144.5
TRN-9783,11/1/2023,,STO-01,Mobile Payment,230
 TRN-9784 ,9/14/2022,CUST-1340,STO-01,Credit Card,255
TRN-9785,7/22/2023,CUST-1270,STO-04,Credit Card,110
 TRN-9786 ,9/2/2024,CUST-1176,STO-04,Debit Card,256
TRN-9787,12/2/2025, CUST-1369 ,STO-04,Debit Card,396
#N/A,2/10/2025, CUST-1143 ,,Debit Card,
TRN-9789,7/20/2025,CUST-1119, STO-03 ,Cash,65
TRN-9790,6/6/2023,CUST-1242,STO-04,Debit Card,629
TRN-9791,8/16/2025, CUST-1399 ,STO-01, Credit Card ,790
TRN-9792,11/30/2022,CUST-1290,STO-04,Mobile Payment,408
TRN-9793,5/16/2025,CUST-1289,STO-03,Credit Card,227.8
TRN-9794, 2022-12-10 ,CUST-1015,STO-04,Mobile Payment,495
TRN-9794,12/10/2022,CUST-1015,STO-04,Mobile Payment,495
TRN-9796,6/22/2022,CUST-1084,STO-02, Credit Card ,142.5
 TRN-9797 ,4/7/2025,CUST-1395,, Mobile Payment ,316
TRN-9798, 2022-09-04 ,CUST-1272,STO-03,Credit Card,144
,10/26/2023,CUST-1137,STO-03, Debit Card ,95
,5/24/2022,CUST-1154,STO-02,Mobile Payment,248
TRN-9800,5/24/2022,CUST-1154,STO-02,Mobile Payment,248
TRN-9802, 2022-10-09 ,CUST-1185,STO-01,Mobile Payment,500
,5/2/2025,CUST-1034,STO-02,Credit Card,233
 TRN-9804 ,3/13/2025,CUST-1276,,,
TRN-9805,,CUST-1361,STO-03,Cash,72.25
,,CUST-1112,STO-03,Cash,560
TRN-9807,1/2/2026,CUST-1330,STO-01,Debit Card,190
TRN-9808,12/19/2025,CUST-1045,STO-02,Mobile Payment,218
,8/5/2023,,STO-03,Cash,104.5
TRN-9810,6/7/2023,CUST-1127,STO-04,Debit Card,450
TRN-9811,2/22/2025, CUST-1337 ,STO-03, Debit Card ,156.75
TRN-9812,#N/A,CUST-1049,STO-01,Mobile Payment,116
TRN-9813,1/23/2025,,,Credit Card,46.75
TRN-9814,3/23/2024,CUST-1097,STO-03,Cash,
TRN-9815,3/22/2024, CUST-1266 ,STO-01,,385
TRN-9816,10/1/2025,CUST-1339,STO-03,Debit Card,195
TRN-9817,4/28/2025, CUST-1213 ,STO-03,Debit Card,445
,12/11/2022, CUST-1107 ,STO-02,Cash,165
TRN-9819,1/13/2023,CUST-1038,STO-03,Credit Card,68
TRN-9820,,CUST-1076,STO-04,Debit Card,60
TRN-9821,7/10/2022,CUST-1316,STO-03,Cash,199.5
TRN-9821,7/10/2022,CUST-1316,STO-03,Cash,199.5
#N/A,7/16/2025,CUST-1180,STO-03,,412
TRN-9823,7/16/2025,CUST-1180,STO-03,Credit Card,412
TRN-9825,,,STO-02,Credit Card,619
TRN-9826,4/14/2025,CUST-1330,,,246.5
TRN-9827,8/6/2022,CUST-1038,,Credit Card,445
TRN-9828,10/13/2024,CUST-1100,STO-03,Debit Card,161.5
TRN-9828,10/13/2024,CUST-1100,STO-03,Debit Card,161.5
TRN-9830, 2024-09-25 ,CUST-1046, STO-02 ,Cash,123.5
,,CUST-1084, STO-01 , Mobile Payment ,130
TRN-9832,9/17/2024,CUST-1211,, Cash ,484
TRN-9833,7/9/2024,CUST-1377,STO-04,Mobile Payment,615
#N/A,5/9/2022,CUST-1017, STO-01 ,Cash,148
TRN-9835,1/5/2022, CUST-1215 ,,,166
TRN-9836,11/30/2023,CUST-1287,STO-02,,144.5
TRN-9837,,CUST-1206,STO-04,#N/A,
TRN-9838,9/8/2025,CUST-1214,#N/A,Credit Card,188
TRN-9838,9/8/2025,CUST-1214,STO-04,Credit Card,188
 TRN-9840 ,3/26/2022,,STO-01,Cash,335
TRN-9841,9/2/2024,,STO-02, Credit Card ,655
,9/15/2025,CUST-1066,STO-01,Debit Card,180.5
TRN-9843,9/26/2022,#N/A, STO-01 ,Credit Card,204
TRN-9843,9/26/2022,CUST-1164,STO-01,Credit Card,204
TRN-9845,6/6/2022,CUST-1399,STO-03,Mobile Payment,445
TRN-9846,,CUST-1031,STO-02,Cash,330
TRN-9847,6/21/2022, CUST-1262 ,STO-04, Debit Card ,275
 TRN-9848 ,12/26/2025,CUST-1254,STO-04,,
TRN-9849,2/2/2025,CUST-1392,STO-01,Debit Card,353
TRN-9850, 2025-07-09 ,CUST-1036,STO-04,Debit Card,241.4
TRN-9851,,#N/A, STO-02 ,Cash,286
#N/A,7/20/2022,CUST-1233,STO-04,Mobile Payment,476
TRN-9852,7/20/2022,CUST-1233,STO-04,Mobile Payment,476
TRN-9854,8/12/2024,CUST-1265,STO-01,Cash,95
TRN-9855,2/22/2023,CUST-1326, STO-04 ,Mobile Payment,324
TRN-9856,1/28/2023,CUST-1378,STO-03,Mobile Payment,
 TRN-9857 ,4/9/2025,CUST-1039,,Credit Card,110
 TRN-9858 ,2/25/2024,,STO-04,Cash,110
TRN-9859,7/17/2023,CUST-1139,STO-01,Cash,130
,1/21/2026,CUST-1260,STO-04, Cash ,351.5
TRN-9861, 2025-02-15 ,,STO-04,Debit Card,85
TRN-9861,2/15/2025,CUST-1263,STO-04,Debit Card,85
 TRN-9863 ,1/18/2023,CUST-1337,STO-03,Credit Card,291
TRN-9863,1/18/2023,CUST-1337,STO-03,Credit Card,291
TRN-9865,#N/A,CUST-1144, STO-01 ,#N/A,165
TRN-9866,3/19/2022,CUST-1099,STO-02,Credit Card,240
TRN-9867,4/13/2023,CUST-1161, STO-04 ,Mobile Payment,100
TRN-9868,,CUST-1085,STO-04,Mobile Payment,
,2/12/2025,CUST-1209,STO-03,Debit Card,310
TRN-9870,10/27/2022, CUST-1247 ,#N/A,Mobile Payment,499
TRN-9871, 2023-11-03 ,CUST-1253,STO-03,Debit Card,85
TRN-9872,12/24/2022,CUST-1033,STO-02,Cash,250
TRN-9873,5/12/2023,CUST-1190,STO-02,Credit Card,336
TRN-9874,5/24/2023,,#N/A,Debit Card,198
 TRN-9875 ,8/11/2023, CUST-1125 ,STO-02, Cash ,373.35
TRN-9876,8/6/2024,CUST-1050,STO-03,Mobile Payment,498.95
TRN-9877,7/4/2022, CUST-1155 ,STO-04,Mobile Payment,369
TRN-9878,,CUST-1339, STO-03 , Mobile Payment ,583.3
 TRN-9879 , 2024-07-22 ,#N/A,STO-01,Mobile Payment,58.5
TRN-9880,#N/A,CUST-1261,STO-03,Debit Card,300
TRN-9881,12/10/2025,CUST-1262,STO-04,Credit Card,603
TRN-9881,12/10/2025,CUST-1262,STO-04,Credit Card,603
TRN-9883,9/18/2025, CUST-1260 ,STO-02,Cash,60
TRN-9884,1/6/2023,CUST-1394,STO-04,Debit Card,193.8
TRN-9884,1/6/2023,CUST-1394,STO-04,Debit Card,193.8
TRN-9885,12/15/2025,CUST-1370,STO-01,Mobile Payment,562.4
TRN-9887,9/20/2025,, STO-01 ,Cash,550
TRN-9888,4/26/2025,CUST-1217, STO-03 , Cash ,397.1
TRN-9889,8/7/2022,CUST-1054,STO-02,Credit Card,305
,1/22/2022,,STO-01, Debit Card ,60
TRN-9890,1/22/2022,CUST-1374,STO-01,Debit Card,60
TRN-9891,6/12/2023,CUST-1252,STO-02,Debit Card,521
TRN-9893,4/9/2024,, STO-04 ,Mobile Payment,204
TRN-9894,4/4/2022,CUST-1007,STO-03,Mobile Payment,425
TRN-9894,4/4/2022,CUST-1007,STO-03,Mobile Payment,425
TRN-9896,7/11/2024, CUST-1399 ,STO-04,Mobile Payment,183.6
TRN-9897, 2024-02-17 ,CUST-1297,STO-01,Debit Card,175
TRN-9897,2/17/2024,CUST-1297,STO-01,Debit Card,175
TRN-9899,, CUST-1280 ,STO-03, Cash ,513
, 2022-05-01 ,CUST-1034,STO-02,Credit Card,501
#N/A,1/16/2022,CUST-1395,STO-01,Credit Card,220
TRN-9902,5/30/2024,CUST-1086, STO-02 ,Cash,
,5/25/2024,CUST-1129, STO-04 ,Cash,240
TRN-9904,3/28/2024,CUST-1244,STO-01,Credit Card,534
TRN-9905, 2025-02-09 , CUST-1052 ,STO-03,Cash,
TRN-9906,3/23/2023,CUST-1236,STO-03,Debit Card,123
TRN-9907,2/7/2023,CUST-1143, STO-02 ,Mobile Payment,
TRN-9908,12/24/2023,CUST-1089,STO-01,,
TRN-9909,,CUST-1369,STO-03,Cash,509
TRN-9910,2/23/2022,CUST-1240, STO-02 ,Cash,
TRN-9910,2/23/2022,CUST-1240,STO-02,Cash,566
TRN-9912,7/22/2022,CUST-1251, STO-01 ,,480
TRN-9913,10/14/2023,CUST-1133,STO-04,Mobile Payment,380
TRN-9914,3/14/2024,CUST-1181,STO-01,Credit Card,624
TRN-9914,3/14/2024,CUST-1181,STO-01,Credit Card,624
TRN-9916,7/20/2022,CUST-1221,STO-02,Mobile Payment,57
TRN-9916,7/20/2022,CUST-1221,STO-02,Mobile Payment,57
TRN-9917,4/25/2022,CUST-1048,STO-01,Mobile Payment,303
 TRN-9919 ,,CUST-1214,STO-01,Debit Card,690
,9/28/2022,,#N/A,Mobile Payment,243.1
TRN-9921, 2022-07-24 , CUST-1094 ,,Debit Card,253
TRN-9922,1/29/2025,CUST-1095,STO-03,Credit Card,115.6
TRN-9923, 2024-10-23 ,CUST-1254, STO-02 ,Debit Card,120
TRN-9923,10/23/2024,CUST-1254,STO-02,Debit Card,120
TRN-9925,1/24/2024,CUST-1200,STO-03,Credit Card,440
TRN-9926,9/23/2024,CUST-1264,STO-01,Mobile Payment,328
TRN-9927,2/10/2023,,STO-01,,607
,10/7/2024,CUST-1380,STO-04,Cash,238
TRN-9929,8/1/2025,CUST-1102,,Debit Card,484
TRN-9930, 2025-04-30 ,CUST-1167,#N/A,Mobile Payment,336
TRN-9931, 2022-07-17 ,CUST-1254,STO-02,Debit Card,443
TRN-9931,7/17/2022,CUST-1254,STO-02,Debit Card,443
TRN-9933,9/11/2023,CUST-1062,STO-04, Cash ,570
TRN-9934,#N/A, CUST-1140 ,STO-02,Credit Card,
,9/27/2022,CUST-1274,STO-02,Debit Card,223
TRN-9936,3/6/2023,CUST-1228,STO-03,Mobile Payment,355
TRN-9937,10/7/2024,,STO-04,Mobile Payment,575.1
TRN-9938,9/6/2023,CUST-1033,STO-02, Cash ,50
TRN-9939,6/3/2025,CUST-1270,STO-02,Debit Card,255
 TRN-9940 ,#N/A,CUST-1121,STO-04,,95
,4/2/2024,,STO-03,Cash,559.55
,11/27/2022,CUST-1261,STO-04,Debit Card,461
,6/4/2022,CUST-1033,STO-03,Cash,629
TRN-9944,#N/A,CUST-1098, STO-03 ,Cash,180
TRN-9945,9/9/2025,,STO-02,Credit Card,504
TRN-9946,4/15/2025,CUST-1207,STO-02,Credit Card,60
TRN-9947,10/17/2024,, STO-01 , Cash ,410
TRN-9948,12/7/2025,CUST-1038,STO-03,Debit Card,
 TRN-9949 ,2/8/2026,CUST-1338, STO-01 ,Cash,312.8
TRN-9950,,CUST-1267,,Mobile Payment,210
TRN-9951,4/2/2024,CUST-1013,STO-01,Mobile Payment,65
TRN-9952,,CUST-1299, STO-02 ,Mobile Payment,180
,2/8/2026,CUST-1149,#N/A,Credit Card,665
TRN-9954,9/25/2024,CUST-1022,STO-03, Debit Card ,534.65
 TRN-9955 ,7/6/2024,CUST-1057,STO-04,Mobile Payment,340
TRN-9956,7/28/2022,CUST-1382, STO-01 ,Credit Card,195
TRN-9957, 2024-12-19 ,,,Credit Card,454
TRN-9958,8/27/2022,CUST-1003,STO-04,Cash,255
TRN-9959,12/10/2025,#N/A,,Credit Card,308
TRN-9960,11/16/2025,CUST-1086,STO-03,Mobile Payment,198
TRN-9961,12/31/2022,CUST-1051,STO-03,Cash,559
TRN-9962,1/27/2024,CUST-1288,STO-02,Debit Card,255.6
TRN-9963,10/12/2023,CUST-1384,STO-04,Cash,128.25
TRN-9963,10/12/2023,CUST-1384,STO-04,Cash,128.25
TRN-9964,5/11/2023,CUST-1034,STO-03,Debit Card,606.6
#N/A,2/10/2026,CUST-1070,STO-04,Cash,301.5
TRN-9966,2/10/2026,CUST-1070,STO-04,Cash,301.5
TRN-9968,8/19/2024,CUST-1009,STO-02,Debit Card,156.6
TRN-9969,3/10/2025,CUST-1018,STO-02,Debit Card,249.9
TRN-9970,#N/A,CUST-1119,STO-04, Cash ,
,1/9/2023,CUST-1029, STO-01 ,Mobile Payment,616.25
TRN-9971,1/9/2023,CUST-1029,STO-01,Mobile Payment,616.25
TRN-9973,,CUST-1378, STO-03 ,,482
TRN-9974,3/28/2022,CUST-1242,STO-01,#N/A,150
TRN-9974,3/28/2022,CUST-1242,STO-01,Debit Card,150
TRN-9975,5/9/2023,CUST-1178,STO-04,Debit Card,55
TRN-9977,3/27/2022,CUST-1110,STO-04,Cash,406.6
,4/17/2025,CUST-1374,,Debit Card,280
TRN-9979,4/22/2023,CUST-1259,,Cash,305
TRN-9980,6/3/2024,CUST-1075,STO-03, Cash ,140
 TRN-9981 ,4/22/2025, CUST-1335 ,STO-03,Cash,120
,3/24/2022,CUST-1008,STO-02, Debit Card ,589
TRN-9983,5/10/2024,CUST-1164,STO-03, Mobile Payment ,470
TRN-9983,5/10/2024,CUST-1164,STO-03,Mobile Payment,470
TRN-9985,5/17/2025,CUST-1109,STO-03,Cash,135
TRN-9985,5/17/2025,CUST-1109,STO-03,Cash,135
TRN-9987, 2023-08-03 ,,,Debit Card,548.15
TRN-9988,8/5/2024,CUST-1030,STO-04,Credit Card,500
TRN-9989,6/30/2024, CUST-1261 ,STO-03,Mobile Payment,719
TRN-9989,6/30/2024,CUST-1261,STO-03,Mobile Payment,719
,8/13/2022,CUST-1044,STO-03,Cash,410
TRN-9992, 2024-11-05 , CUST-1194 ,STO-01,Credit Card,531
TRN-9993,, CUST-1131 ,STO-02,Debit Card,285
 TRN-9994 , 2023-06-03 ,CUST-1356,STO-04,Debit Card,446.5
TRN-9995,10/25/2023,CUST-1076, STO-04 ,Credit Card,520
TRN-9995,10/25/2023,CUST-1076,STO-04,Credit Card,520
TRN-9997,3/22/2025,CUST-1204,STO-02,Mobile Payment,335
TRN-9998,3/23/2024,CUST-1319,#N/A,Mobile Payment,
TRN-9999,3/6/2025,CUST-1241,STO-01,Cash,230
TRN-10000,4/17/2022,CUST-1193,STO-02,Credit Card,
TRN-10001,#N/A,CUST-1329,STO-04,,200.7
TRN-10001,1/31/2023,CUST-1329,STO-04,Credit Card,200.7
TRN-10003,3/10/2025,CUST-1089,STO-02,Cash,255
 TRN-10004 ,5/5/2025,CUST-1175,, Cash ,104.4
TRN-10005,9/5/2023,#N/A,STO-01, Cash ,550
TRN-10005,9/5/2023,CUST-1282,STO-01,Cash,550
TRN-10007, 2023-02-05 ,CUST-1026,STO-04,Cash,609
TRN-10008,10/12/2022,CUST-1234,,,488.75
 TRN-10009 ,5/21/2024,CUST-1024,STO-02,Credit Card,
TRN-10010, 2025-11-21 ,CUST-1111, STO-03 ,Debit Card,371
TRN-10011,2/13/2024,CUST-1193,#N/A,Credit Card,198
TRN-10011,2/13/2024,CUST-1193,STO-01,Credit Card,198
TRN-10013,10/1/2025,CUST-1137,STO-02,,
, 2023-02-20 ,CUST-1256,STO-02,Credit Card,
,8/2/2022,CUST-1006,STO-04,Cash,
#N/A,4/28/2025,CUST-1073,STO-04,Credit Card,
TRN-10017,10/27/2024, CUST-1034 ,STO-01,Cash,350
TRN-10018,,CUST-1273,STO-02,Cash,629
TRN-10019,5/15/2022,CUST-1227,STO-03,Credit Card,390
TRN-10020,5/25/2025, CUST-1280 ,STO-04,Credit Card,380
TRN-10021,7/8/2023,CUST-1344,STO-04, Mobile Payment ,182.75
TRN-10022,1/6/2023,CUST-1010, STO-02 ,Cash,225
 TRN-10023 , 2024-07-01 ,CUST-1160,STO-04, Mobile Payment ,225
TRN-10024,5/18/2022,CUST-1172,STO-03,Credit Card,446
 TRN-10025 , 2022-03-04 ,CUST-1303, STO-02 ,Mobile Payment,215
TRN-10026,1/9/2022,CUST-1048,STO-02, Cash ,110.5
TRN-10026,1/9/2022,CUST-1048,STO-02,Cash,110.5
TRN-10028, 2025-04-24 ,,, Credit Card ,85
 TRN-10029 ,10/16/2022,CUST-1263, STO-03 ,Credit Card,420
,9/6/2025, CUST-1387 ,STO-03,Mobile Payment,545
TRN-10030,9/6/2025,CUST-1387,STO-03,Mobile Payment,545
TRN-10032,8/2/2023,CUST-1127,,Cash,
#N/A, 2025-11-08 ,,STO-02,Cash,280
TRN-10034, 2022-05-21 ,CUST-1268,STO-03,Mobile Payment,535
TRN-10035,11/8/2023,CUST-1120,STO-03,Debit Card,220.5
TRN-10035,11/8/2023,CUST-1120,STO-03,Debit Card,220.5
TRN-10036,11/17/2023,CUST-1370,STO-04,Credit Card,360
TRN-10038,2/11/2022,CUST-1377,STO-04,#N/A,476.1
TRN-10039,11/26/2025,CUST-1141,STO-02,Credit Card,493
TRN-10040,7/17/2022, CUST-1188 ,,Credit Card,161.5
TRN-10041,10/4/2025, CUST-1219 ,STO-04,Credit Card,180
TRN-10042,4/26/2022,CUST-1188,STO-04,Debit Card,
 TRN-10043 ,6/17/2022, CUST-1338 ,STO-02,Debit Card,189
TRN-10044,11/16/2025,,STO-03,#N/A,336.3
TRN-10045,#N/A,CUST-1378, STO-01 ,Debit Card,242.25
TRN-10045,7/18/2024,CUST-1378,STO-01,Debit Card,242.25
TRN-10047,8/11/2025,CUST-1356,STO-02,Cash,
TRN-10048,11/27/2024,CUST-1282,,,373
 TRN-10049 ,,,STO-02,Credit Card,524.7
TRN-10050,2/2/2022,CUST-1315,STO-01, Mobile Payment ,690
,10/15/2025,CUST-1092,STO-01,Credit Card,407.7
TRN-10052,4/26/2024,CUST-1076,STO-02,Mobile Payment,579
TRN-10053,7/25/2023, CUST-1024 , STO-02 ,Cash,420
TRN-10054, 2023-12-14 , CUST-1305 ,STO-03,Debit Card,350
TRN-10054,12/14/2023,CUST-1305,STO-03,Debit Card,350
TRN-10055,3/9/2022,CUST-1067,STO-02,Mobile Payment,360
TRN-10057,8/18/2023,CUST-1386,STO-02,,649
,9/17/2023,CUST-1174,STO-03,Credit Card,174
#N/A,, CUST-1044 ,,Mobile Payment,434
TRN-10059,12/29/2025,CUST-1044,STO-04,Mobile Payment,434
TRN-10061,8/14/2024,CUST-1053,STO-02,Credit Card,373.15
TRN-10062,6/19/2025,CUST-1219,STO-04, Mobile Payment ,349.35
 TRN-10063 ,3/3/2022,CUST-1334,STO-03, Credit Card ,185.25
TRN-10064,6/28/2023,CUST-1172,STO-01, Mobile Payment ,539
TRN-10065,10/30/2024,CUST-1016, STO-01 ,Debit Card,165
TRN-10066,12/27/2025,CUST-1073,STO-04,,340
,8/11/2024,CUST-1394,STO-04, Cash ,463
TRN-10068, 2022-01-13 ,CUST-1332,STO-01, Debit Card ,
TRN-10068,1/13/2022,CUST-1332,STO-01,Debit Card,330
TRN-10070,7/31/2023,CUST-1313,STO-03,Mobile Payment,223
TRN-10071,#N/A,CUST-1201,STO-04,Credit Card,190
TRN-10072, 2025-11-06 ,CUST-1384,STO-02,Credit Card,340
TRN-10072,11/6/2025,CUST-1384,STO-02,Credit Card,340
TRN-10073,12/19/2022,CUST-1071,STO-02,Debit Card,110
TRN-10075,3/17/2022,CUST-1308,STO-02,,451
TRN-10075,3/17/2022,CUST-1308,STO-02,Debit Card,451
TRN-10077,7/31/2024,CUST-1358,STO-01,Cash,215.1
 TRN-10078 ,11/2/2025,, STO-04 ,Mobile Payment,220
TRN-10078,11/2/2025,CUST-1221,STO-04,Mobile Payment,220
TRN-10080,5/8/2025,CUST-1345,STO-01,Credit Card,360
 TRN-10081 ,10/24/2023,CUST-1077,STO-02,,42.5
 TRN-10082 ,10/7/2025,CUST-1100,STO-04,Credit Card,185
TRN-10083,2/6/2022,CUST-1041,STO-02,Debit Card,140
TRN-10084,6/18/2022, CUST-1340 ,STO-01,Debit Card,668
 TRN-10085 ,9/17/2022,CUST-1068,STO-02,Mobile Payment,140
TRN-10086,12/21/2024,,STO-02,Mobile Payment,
TRN-10087,,CUST-1019,#N/A,,545
 TRN-10088 ,12/9/2025,,STO-01,,85
TRN-10089,9/28/2022,CUST-1269,STO-04,Debit Card,290
 TRN-10090 ,12/24/2024,CUST-1303,STO-04,Debit Card,754
TRN-10091,3/30/2022, CUST-1400 ,STO-04,Mobile Payment,136
TRN-10092,8/19/2025,CUST-1123,STO-03,Cash,180
TRN-10093,8/8/2022,CUST-1313, STO-01 ,Debit Card,381
TRN-10094,,CUST-1384,STO-01,Cash,304
 TRN-10095 ,3/18/2025,CUST-1330,STO-02,Debit Card,366
 TRN-10096 ,10/10/2022,, STO-04 ,,352
 TRN-10097 ,8/20/2023,CUST-1207,STO-01,Cash,52.2
TRN-10098, 2025-01-09 , CUST-1235 ,STO-02,Cash,
TRN-10098,1/9/2025,CUST-1235,STO-02,Cash,204
,6/17/2024, CUST-1333 ,, Credit Card ,315
TRN-10100,6/17/2024,CUST-1333,STO-01,Credit Card,315
TRN-10102,,CUST-1337,,,95
TRN-10103, 2024-09-08 , CUST-1224 ,STO-04, Debit Card ,274
TRN-10103,9/8/2024,CUST-1224,STO-04,Debit Card,274
TRN-10105,,,STO-02,Credit Card,561
TRN-10106, 2025-01-05 ,CUST-1002,STO-02, Mobile Payment ,180
TRN-10107,2/23/2024,CUST-1305,STO-03,Credit Card,361
TRN-10108,,CUST-1157,STO-03,Mobile Payment,532
TRN-10109,5/25/2022,,,Debit Card,95
TRN-10110,9/23/2024, CUST-1040 ,STO-01,Cash,569
TRN-10110,9/23/2024,CUST-1040,STO-01,Cash,569
TRN-10112, 2025-04-19 , CUST-1118 ,STO-03,Credit Card,250
TRN-10112,4/19/2025,CUST-1118,STO-03,Credit Card,250
TRN-10114,8/16/2022,CUST-1318, STO-02 ,Cash,659
TRN-10115,12/6/2022,CUST-1071,STO-04,Mobile Payment,375
TRN-10116,11/12/2023,,,Mobile Payment,110.7
 TRN-10117 ,2/13/2025,CUST-1277, STO-03 ,Credit Card,
TRN-10118,12/12/2022,CUST-1219,STO-04, Cash ,234
TRN-10119,4/7/2022,,STO-03, Mobile Payment ,150
TRN-10120,10/1/2023,CUST-1096,STO-02,Debit Card,450.5
TRN-10121,,CUST-1125,STO-01, Credit Card ,669
TRN-10122,,CUST-1023,STO-01,Debit Card,233.75
TRN-10123,,CUST-1021,STO-03,Mobile Payment,314
TRN-10123,7/24/2023,CUST-1021,STO-03,Mobile Payment,314
TRN-10124,2/13/2022,CUST-1397,STO-01,Credit Card,280.5
TRN-10126,5/8/2024,CUST-1099, STO-01 ,Credit Card,142.5
TRN-10127,4/3/2023,,STO-03,#N/A,653
TRN-10128,5/16/2023, CUST-1057 ,STO-02,,369
TRN-10129, 2025-02-20 ,CUST-1128,STO-04,Debit Card,559
TRN-10130,,CUST-1054,,Mobile Payment,220
TRN-10131,11/5/2023,CUST-1052,STO-03,Debit Card,215
TRN-10132,6/27/2024,CUST-1312,STO-03,Credit Card,425
,9/1/2022,CUST-1066,STO-02,Mobile Payment,270
,5/17/2024,CUST-1069,STO-01,Debit Card,204
TRN-10134,5/17/2024,CUST-1069,STO-01,Debit Card,204
,3/4/2025,CUST-1396,STO-04,Mobile Payment,265
TRN-10137,7/15/2025,CUST-1211, STO-02 , Credit Card ,
TRN-10138,1/2/2023,,STO-02,Debit Card,330
TRN-10139,2/18/2022, CUST-1174 ,STO-01, Mobile Payment ,511
TRN-10140,11/23/2025,CUST-1281,STO-02,Credit Card,258
TRN-10141,5/15/2022,CUST-1036,STO-03,Cash,171
TRN-10142,,CUST-1194,STO-03, Mobile Payment ,660
TRN-10143,5/30/2023,CUST-1211,STO-04,Credit Card,384.75
TRN-10143,5/30/2023,CUST-1211,STO-04,Credit Card,384.75
TRN-10145,11/22/2025,CUST-1076,STO-03,Credit Card,510
TRN-10146,,CUST-1231,STO-03,,45
TRN-10147,6/3/2023,CUST-1157,STO-03,Credit Card,
 TRN-10148 ,,CUST-1097,STO-03,Credit Card,276
TRN-10149,,CUST-1220,STO-01, Cash ,195.5
TRN-10150,8/18/2025,CUST-1292,STO-03,Credit Card,144
TRN-10151,8/30/2023,CUST-1045,STO-03,Cash,175.5
TRN-10152,7/7/2023,CUST-1232, STO-01 ,Credit Card,355
TRN-10153,2/13/2025,CUST-1376,STO-01,Mobile Payment,423
TRN-10154,3/17/2024,CUST-1292, STO-02 ,Credit Card,480
TRN-10155,10/23/2022,CUST-1103,STO-02,,720
,6/24/2024,CUST-1313,STO-04, Cash ,578
TRN-10156,6/24/2024,CUST-1313,STO-04,Cash,578
 TRN-10158 ,9/13/2025,CUST-1178,STO-02,Debit Card,85
TRN-10159,3/5/2024,CUST-1179,,Cash,
TRN-10160,12/7/2022,CUST-1321,,Debit Card,240
TRN-10161,2/12/2024,CUST-1261,STO-04,Cash,682
TRN-10162,11/24/2022,CUST-1126,STO-02,Debit Card,750
TRN-10163, 2023-01-03 ,CUST-1053,STO-03,Mobile Payment,218
TRN-10164,8/5/2024,CUST-1137,,Cash,450
 TRN-10165 ,7/10/2024,CUST-1279,STO-04,Debit Card,467
#N/A,#N/A,CUST-1305,STO-03,Debit Card,345
TRN-10167, 2023-06-11 ,CUST-1115,STO-01,Cash,204
#N/A,3/12/2024, CUST-1347 ,STO-04,Credit Card,258
TRN-10169,5/16/2024,CUST-1313, STO-03 , Debit Card ,165
TRN-10170,#N/A, CUST-1185 ,STO-03, Cash ,715
TRN-10170,1/7/2022,CUST-1185,STO-03,Cash,715
TRN-10172,12/14/2023,CUST-1075,,Cash,
TRN-10173,12/30/2022,CUST-1191,STO-01,Credit Card,52.25
TRN-10174, 2022-06-26 ,CUST-1217,STO-01,Debit Card,534
TRN-10175, 2024-01-07 ,CUST-1045,STO-04,Debit Card,202.3
TRN-10175,1/7/2024,CUST-1045,STO-04,Debit Card,202.3
TRN-10177,12/15/2024,CUST-1128,STO-03,Debit Card,493
 TRN-10178 ,#N/A,CUST-1078,, Mobile Payment ,250
,6/11/2022, CUST-1359 , STO-03 ,Credit Card,160
TRN-10180,,CUST-1184,STO-03, Mobile Payment ,500
TRN-10181,12/29/2022,CUST-1188,STO-04, Mobile Payment ,170
TRN-10182,2/3/2026,CUST-1021,STO-03,Debit Card,556
 TRN-10183 ,6/30/2022,CUST-1124,,Credit Card,597.6
TRN-10183,6/30/2022,CUST-1124,STO-04,Credit Card,597.6
TRN-10185,5/15/2022,CUST-1266,STO-04,Mobile Payment,331.5
 TRN-10186 ,5/20/2022,CUST-1114,STO-03,Cash,117
TRN-10187,#N/A,CUST-1014, STO-03 ,Debit Card,285
TRN-10188,10/23/2022, CUST-1211 ,STO-04,Credit Card,292.6
TRN-10189, 2025-08-15 ,CUST-1123,STO-04,Debit Card,471
TRN-10190,5/14/2024,CUST-1216, STO-04 , Credit Card ,255
 TRN-10191 ,2/19/2025,CUST-1002,STO-04,Credit Card,320
TRN-10192, 2024-11-20 ,CUST-1036,STO-01,Debit Card,130
TRN-10193,11/24/2022,CUST-1243,STO-01,Mobile Payment,580.5
 TRN-10194 ,11/1/2025,CUST-1364,,Mobile Payment,292.6
TRN-10195,,CUST-1368,STO-01,Credit Card,431
TRN-10196,2/23/2024,CUST-1059, STO-03 ,Mobile Payment,
TRN-10197,5/14/2025,,STO-03,Debit Card,
TRN-10198,3/22/2025,CUST-1069,STO-03,Debit Card,560
TRN-10199,12/30/2022,CUST-1315,STO-01,Cash,170
TRN-10200,4/7/2024, CUST-1139 ,STO-04, Mobile Payment ,
TRN-10201,10/26/2024,CUST-1249, STO-02 ,Cash,570
TRN-10202,3/2/2024, CUST-1073 , STO-04 ,Credit Card,204
 TRN-10203 ,7/20/2022,,STO-02,,190
TRN-10204,6/18/2022,,STO-01,Cash,
TRN-10205, 2023-07-03 ,CUST-1219,STO-01,Credit Card,450
TRN-10206, 2025-07-12 ,CUST-1064,STO-01,Cash,50
TRN-10207,10/28/2022,CUST-1284,, Mobile Payment ,573
TRN-10208,9/1/2023, CUST-1392 ,STO-02,Debit Card,608
TRN-10208,9/1/2023,CUST-1392,STO-02,Debit Card,608
TRN-10209,7/12/2023,CUST-1260,STO-02,Mobile Payment,365
#N/A, 2022-04-28 ,CUST-1060,STO-01,Credit Card,174
TRN-10211,4/28/2022,CUST-1060,STO-01,Credit Card,174
TRN-10213,12/17/2022,CUST-1132,STO-04,Debit Card,
TRN-10214,7/25/2022,CUST-1196,,Mobile Payment,
TRN-10214,7/25/2022,CUST-1196,STO-04,Mobile Payment,689
TRN-10216,4/6/2023, CUST-1081 ,STO-03,Credit Card,690
#N/A, 2023-10-28 ,CUST-1100, STO-02 ,Debit Card,819
 TRN-10218 , 2024-10-05 ,CUST-1368,STO-04,Cash,108.8
TRN-10219,, CUST-1173 ,STO-03,,
TRN-10219,6/9/2025,CUST-1173,STO-03,Cash,140
, 2024-12-22 ,CUST-1056,STO-02,Credit Card,250
TRN-10222,10/23/2025,,STO-01,Debit Card,165
TRN-10222,10/23/2025,CUST-1023,STO-01,Debit Card,165
TRN-10224,1/8/2024,CUST-1346,STO-02,Cash,382.5
TRN-10225,12/13/2024,CUST-1228,STO-02,#N/A,445
TRN-10226,4/26/2024,CUST-1348,STO-04,Mobile Payment,552.5
TRN-10227, 2022-06-23 ,CUST-1266,,Cash,565
TRN-10227,6/23/2022,CUST-1266,STO-01,Cash,565
TRN-10229,5/21/2022,CUST-1219,STO-02,,180
,3/19/2025,CUST-1068,,Credit Card,70
TRN-10231, 2025-09-03 ,CUST-1271,STO-01,Credit Card,310
TRN-10231,9/3/2025,CUST-1271,STO-01,Credit Card,310
TRN-10233, 2022-01-15 ,CUST-1375,STO-03,Debit Card,255
TRN-10234,12/29/2022,CUST-1127,STO-01,Credit Card,268
TRN-10235,6/8/2025,CUST-1253,STO-01, Cash ,339
TRN-10236,1/7/2022,CUST-1391,STO-02,Debit Card,485
TRN-10237, 2024-04-26 ,CUST-1200, STO-03 ,Mobile Payment,450
TRN-10238, 2025-06-09 ,CUST-1372,STO-01,Mobile Payment,142.5
TRN-10239,, CUST-1119 ,STO-01,Debit Card,370
TRN-10240,,CUST-1079,STO-02,Mobile Payment,170
TRN-10241,12/18/2024, CUST-1061 ,STO-02,Credit Card,195
TRN-10242, 2022-01-07 ,CUST-1235,,,
,1/31/2024,CUST-1232, STO-02 ,Credit Card,165
TRN-10244,8/28/2024,CUST-1065,STO-03,Debit Card,98.6
TRN-10245,1/21/2023,CUST-1290,STO-01,Credit Card,226.1
,10/5/2024,CUST-1224,STO-04,Mobile Payment,261.25
TRN-10247,1/14/2024,CUST-1211,STO-01,,575
TRN-10248,9/21/2023,CUST-1351, STO-01 ,Cash,510.85
TRN-10249,5/14/2022,,STO-02, Credit Card ,310
TRN-10250,5/19/2025,, STO-02 ,Credit Card,195
TRN-10250,5/19/2025,CUST-1098,STO-02,Credit Card,195
TRN-10251,9/3/2023,CUST-1365,STO-02,Mobile Payment,255
 TRN-10253 ,2/20/2024,CUST-1085,STO-02,,
TRN-10253,2/20/2024,CUST-1085,STO-02,Mobile Payment,240
 TRN-10255 ,5/8/2023,,STO-01, Cash ,300
TRN-10256, 2023-07-24 ,CUST-1339,STO-03, Mobile Payment ,
TRN-10257,3/14/2022,CUST-1209,STO-03, Cash ,260
TRN-10257,3/14/2022,CUST-1209,STO-03,Cash,260
TRN-10258,3/19/2023,CUST-1234,STO-04,Credit Card,149.4
TRN-10259,4/3/2024,CUST-1395,STO-01,Cash,289.8
TRN-10261,10/7/2025, CUST-1031 ,STO-01, Mobile Payment ,240
TRN-10262, 2024-03-14 ,CUST-1172, STO-02 ,Mobile Payment,290
TRN-10262,3/14/2024,CUST-1172,STO-02,Mobile Payment,290
 TRN-10264 ,8/23/2022,,STO-02,Credit Card,455
TRN-10265,2/9/2022,CUST-1164, STO-02 ,Cash,140.25
TRN-10265,2/9/2022,CUST-1164,STO-02,Cash,140.25
TRN-10267,4/18/2025,CUST-1055,,,
TRN-10268,7/21/2024,CUST-1067,STO-01, Mobile Payment ,
TRN-10269,,CUST-1004,STO-04,Cash,156.6
TRN-10270,7/30/2024,CUST-1111,STO-04,Credit Card,480
TRN-10271,3/8/2023,CUST-1094,,Cash,369
TRN-10272,#N/A,CUST-1157,STO-02,Debit Card,371
TRN-10272,3/5/2022,CUST-1157,STO-02,Debit Card,371
 TRN-10274 ,10/1/2023,#N/A,STO-01,,
 TRN-10275 , 2025-12-14 ,CUST-1130,STO-04,Credit Card,616
TRN-10276,8/18/2022,CUST-1240,,Debit Card,521
TRN-10277, 2024-10-13 ,,STO-01,Credit Card,
TRN-10278,2/19/2024,CUST-1295,STO-04, Mobile Payment ,
,7/16/2024,CUST-1299,STO-01,Credit Card,450
TRN-10280,12/11/2025,CUST-1084,STO-02,#N/A,390.6
TRN-10280,12/11/2025,CUST-1084,STO-02,Mobile Payment,390.6
TRN-10282,,CUST-1370,STO-04,Mobile Payment,195
TRN-10283,1/13/2023,CUST-1158, STO-01 ,Credit Card,140
TRN-10284, 2025-08-18 ,CUST-1367, STO-03 ,Mobile Payment,352.45
TRN-10284,8/18/2025,CUST-1367,STO-03,Mobile Payment,352.45
,3/12/2024,CUST-1304,STO-03, Credit Card ,225
 TRN-10287 ,8/17/2022,CUST-1257,STO-02,Cash,85
,10/27/2022,CUST-1278,,Mobile Payment,140
TRN-10289,7/28/2024,CUST-1179,STO-04,Credit Card,60
#N/A, 2024-03-30 ,CUST-1084,STO-03,Credit Card,
TRN-10290,3/30/2024,CUST-1084,STO-03,Credit Card,284.75
TRN-10292, 2023-04-27 ,CUST-1106, STO-02 ,Mobile Payment,238.5
TRN-10293,9/15/2024,CUST-1338,STO-01,,195
TRN-10294,8/22/2022,CUST-1328,#N/A,Debit Card,116
TRN-10295,11/2/2023,,, Debit Card ,120
 TRN-10296 ,11/10/2025,,STO-01, Credit Card ,265
TRN-10296,11/10/2025,CUST-1197,STO-01,Credit Card,265
TRN-10298,8/10/2022,, STO-01 ,Debit Card,265
TRN-10298,8/10/2022,CUST-1020,STO-01,Debit Card,265
 TRN-10300 ,9/7/2023,,STO-02,Mobile Payment,356.25
TRN-10301,1/18/2022,CUST-1309, STO-03 , Debit Card ,305
TRN-10302, 2024-12-31 ,CUST-1330, STO-03 ,Mobile Payment,405
 TRN-10303 ,5/6/2023,CUST-1274,,Credit Card,229
TRN-10304,8/19/2022, CUST-1246 ,#N/A,Mobile Payment,108
TRN-10305,9/11/2024, CUST-1257 ,STO-02,Cash,601
TRN-10306,8/11/2024, CUST-1220 , STO-04 ,Debit Card,555
TRN-10307,,CUST-1045,STO-03,,306.9
TRN-10308,, CUST-1283 ,STO-01,Cash,68
TRN-10309, 2024-11-05 ,CUST-1117,STO-02,Mobile Payment,328.5
TRN-10310,6/23/2024,CUST-1155,STO-01,Mobile Payment,120
TRN-10311,,#N/A,STO-01,Mobile Payment,330
TRN-10312,3/31/2022,,STO-02,Debit Card,165.75
TRN-10313,1/28/2024,CUST-1343,STO-01,Credit Card,663
TRN-10314, 2023-05-13 ,CUST-1389,STO-01,Credit Card,308.75
TRN-10315,11/1/2023,CUST-1065,STO-01, Cash ,470
TRN-10316,4/19/2025,,STO-03,Mobile Payment,
TRN-10316,4/19/2025,CUST-1208,STO-03,Mobile Payment,400
TRN-10318,12/11/2023,,,,185.25
TRN-10319,2/27/2024,CUST-1141,STO-02,,423
TRN-10320,4/20/2023,CUST-1356,STO-01,Mobile Payment,755
,6/29/2022,CUST-1112,STO-04, Debit Card ,380.7
 TRN-10322 ,12/20/2022,CUST-1087,,Cash,
 TRN-10323 ,3/28/2024,CUST-1394,STO-02,Credit Card,140
TRN-10324,9/24/2022,CUST-1343,STO-03,Debit Card,353
TRN-10324,9/24/2022,CUST-1343,STO-03,Debit Card,353
TRN-10326,5/14/2023,#N/A,STO-04, Mobile Payment ,555
TRN-10326,5/14/2023,CUST-1184,STO-04,Mobile Payment,555
TRN-10328,5/6/2022,CUST-1258,#N/A,Cash,650.75
TRN-10329,7/21/2024,CUST-1194,STO-04,Cash,495
TRN-10329,7/21/2024,CUST-1194,STO-04,Cash,495
 TRN-10331 ,9/20/2022,,STO-02,#N/A,487
 TRN-10332 ,6/8/2024,CUST-1040,STO-01,Debit Card,
TRN-10333,5/30/2024,CUST-1083, STO-04 , Cash ,374.85
 TRN-10334 ,9/2/2024,CUST-1114,,Credit Card,85
TRN-10335,8/5/2025,,STO-01,Mobile Payment,480
, 2022-07-28 ,CUST-1230,STO-04,Cash,580
TRN-10337,7/6/2023,CUST-1116,STO-01, Mobile Payment ,436.5
TRN-10338,,CUST-1387,STO-04,Debit Card,
TRN-10339,,CUST-1192,STO-01, Cash ,
,5/9/2024,CUST-1221,STO-03,Debit Card,80
TRN-10341,,CUST-1067,STO-03,Mobile Payment,461
TRN-10342,5/10/2023,CUST-1336,STO-02,,475
TRN-10343,,CUST-1097,STO-03,,57.8
TRN-10344,,CUST-1111,STO-04, Debit Card ,428
TRN-10345,5/10/2025,CUST-1121,STO-01,Credit Card,
TRN-10346,1/7/2025,CUST-1322,STO-01,Debit Card,400
TRN-10346,1/7/2025,CUST-1322,STO-01,Debit Card,400
TRN-10347,4/2/2023,CUST-1054,STO-01,Mobile Payment,290
TRN-10349,8/14/2023,CUST-1209,STO-04,Cash,526
TRN-10350,6/30/2022,CUST-1395,STO-02,Debit Card,344
 TRN-10351 ,10/8/2022,CUST-1127, STO-01 ,Mobile Payment,
TRN-10351,10/8/2022,CUST-1127,STO-01,Mobile Payment,767
,8/18/2023,,STO-02,,485
 TRN-10354 ,6/27/2022,CUST-1089,,Debit Card,475
TRN-10355,12/4/2024,CUST-1315,STO-04,Cash,160
 TRN-10356 ,10/13/2025,CUST-1058,STO-03,Mobile Payment,110.2
TRN-10357,,CUST-1217,,Mobile Payment,570
TRN-10358, 2024-08-23 ,CUST-1031,,Debit Card,463
TRN-10359,4/12/2022,CUST-1066,STO-03, Credit Card ,299.25
TRN-10360,,CUST-1278,STO-01,#N/A,117
TRN-10360,10/9/2023,CUST-1278,STO-01,Mobile Payment,117
TRN-10362,12/11/2022,CUST-1356,STO-03,Credit Card,528
TRN-10363,8/13/2023,#N/A,#N/A, Debit Card ,170
TRN-10364,,CUST-1253,STO-04,Credit Card,366
TRN-10365, 2024-07-21 ,CUST-1124,STO-02,Cash,404.7
TRN-10366,8/27/2024,CUST-1321,STO-01, Cash ,150
,5/6/2025,CUST-1121,STO-04,,700
TRN-10368,2/12/2022,,STO-01,Cash,238.5
TRN-10368,2/12/2022,CUST-1369,STO-01,Cash,238.5
TRN-10370,9/11/2025,CUST-1122,STO-04,Cash,157.25
TRN-10371,9/23/2022,CUST-1100,STO-03,Cash,223
 TRN-10372 ,,CUST-1155,STO-03,Mobile Payment,
 TRN-10373 ,#N/A,CUST-1226,STO-02,Debit Card,420
#N/A,9/5/2024,CUST-1219, STO-02 ,Cash,55
TRN-10375, 2022-11-27 ,CUST-1393, STO-02 , Credit Card ,252
#N/A,10/4/2024,CUST-1370,STO-04,Mobile Payment,765
TRN-10376,10/4/2024,CUST-1370,STO-04,Mobile Payment,765
 TRN-10378 ,5/29/2024,CUST-1274,STO-03, Mobile Payment ,247.5
TRN-10379,1/29/2026, CUST-1178 ,STO-03,Cash,
TRN-10379,1/29/2026,CUST-1178,STO-03,Cash,80
TRN-10381,9/24/2025,CUST-1100,STO-03, Cash ,397.8
, 2022-09-06 ,CUST-1111,STO-04,Mobile Payment,364
TRN-10383,12/31/2025,CUST-1072,STO-01,Mobile Payment,100
TRN-10384,7/17/2025,CUST-1276, STO-04 , Cash ,984
TRN-10385,6/6/2023, CUST-1204 ,STO-04,Mobile Payment,383.8
TRN-10385,6/6/2023,CUST-1204,STO-04,Mobile Payment,383.8
TRN-10387,#N/A,CUST-1209,STO-04,Mobile Payment,184
TRN-10388,,CUST-1318,STO-01,Debit Card,55.25
TRN-10389,9/28/2024,CUST-1270,STO-03,Cash,70
TRN-10389,9/28/2024,CUST-1270,STO-03,Cash,70
TRN-10391,1/28/2025,CUST-1305,STO-01,Cash,521
 TRN-10392 ,8/18/2024,CUST-1192,STO-01,,60
 TRN-10393 ,9/19/2023,CUST-1066, STO-04 ,Cash,350
TRN-10394,8/22/2022,,STO-03,Credit Card,270
TRN-10395,12/12/2024,,STO-02,Debit Card,385.7
 TRN-10396 , 2024-04-09 ,CUST-1094,,Debit Card,130
TRN-10396,4/9/2024,CUST-1094,STO-02,Debit Card,130
TRN-10398,6/16/2025,CUST-1017,,Debit Card,70
TRN-10399,2/14/2025,CUST-1154,STO-03,,516
 TRN-10400 ,8/13/2023,CUST-1113,STO-04,Credit Card,130
,6/21/2022,CUST-1349,STO-04,Mobile Payment,323
TRN-10402,1/21/2024,,STO-02,Credit Card,648
TRN-10403,6/24/2022,CUST-1307,STO-03,Credit Card,216
TRN-10404,6/19/2025,CUST-1190,STO-02,Credit Card,509
TRN-10405,1/12/2026, CUST-1068 ,STO-03,,536.75
TRN-10406,1/20/2024, CUST-1011 ,STO-01,Cash,98.6
TRN-10407,2/14/2023,CUST-1213, STO-01 ,Credit Card,676
TRN-10408, 2022-12-05 ,CUST-1195,STO-02,,550
TRN-10409,1/8/2022, CUST-1319 ,STO-03,Mobile Payment,85
TRN-10410,12/13/2025,CUST-1164,STO-03,Cash,85
TRN-10410,12/13/2025,CUST-1164,STO-03,Cash,85
 TRN-10412 ,6/15/2023,CUST-1315,STO-02,Cash,478
TRN-10413,, CUST-1099 ,STO-04,Mobile Payment,135
,,CUST-1311,STO-02, Cash ,150
TRN-10414,7/28/2022,CUST-1311,STO-02,Cash,150
 TRN-10416 ,6/28/2024, CUST-1187 , STO-03 ,Credit Card,
TRN-10417,4/27/2025,CUST-1392,STO-01,Credit Card,340
TRN-10418,,CUST-1042,STO-02,Credit Card,635.55
TRN-10419, 2025-05-25 ,CUST-1156,STO-02,Debit Card,72
, 2024-11-21 ,CUST-1037,STO-01,Credit Card,
TRN-10421,4/1/2022, CUST-1168 , STO-04 , Cash ,105
TRN-10422, 2025-09-16 ,CUST-1356,STO-03,Mobile Payment,310
 TRN-10423 , 2022-02-08 ,CUST-1197, STO-02 ,Debit Card,419.4
TRN-10423,2/8/2022,CUST-1197,STO-02,Debit Card,419.4
TRN-10425,2/11/2026,,STO-02,Debit Card,300
TRN-10426,2/20/2024,CUST-1057,,Cash,415
TRN-10427,10/31/2024,CUST-1027,STO-04,Mobile Payment,190
TRN-10428,10/6/2025,CUST-1381,STO-02,Debit Card,265
,6/12/2022,CUST-1372,STO-02,Cash,378
TRN-10430,10/19/2025,CUST-1079,STO-01,Cash,295
 TRN-10431 , 2024-12-13 ,CUST-1214,, Credit Card ,356
, 2023-06-03 ,CUST-1353,STO-01,Cash,195
TRN-10432,6/3/2023,CUST-1353,STO-01,Cash,195
TRN-10433,11/3/2025,CUST-1098,STO-04,Cash,420
#N/A, 2022-11-13 ,CUST-1250,STO-03,Cash,335
,9/14/2023,CUST-1080,STO-04,Debit Card,171
TRN-10437,5/28/2025,CUST-1165,,Mobile Payment,121.6
TRN-10438,2/12/2026,CUST-1355, STO-03 , Mobile Payment ,412.3
TRN-10439,11/7/2022,CUST-1132,STO-03,Mobile Payment,170
TRN-10439,11/7/2022,CUST-1132,STO-03,Mobile Payment,170
TRN-10440,1/19/2022,CUST-1037,STO-01,Mobile Payment,285
,1/9/2023,CUST-1286,STO-01,Credit Card,180
TRN-10442,1/9/2023,CUST-1286,STO-01,Credit Card,180
TRN-10444,#N/A, CUST-1058 ,STO-03,Mobile Payment,45
TRN-10445,9/15/2025, CUST-1317 ,STO-04,Debit Card,274.55
 TRN-10446 , 2023-02-25 ,,STO-01,Mobile Payment,259
TRN-10447,7/31/2024,CUST-1106,STO-03,Debit Card,205
 TRN-10448 , 2022-05-24 ,,STO-02,Debit Card,591
TRN-10449, 2022-02-06 , CUST-1176 ,STO-01,Mobile Payment,482
TRN-10450,,,#N/A,Cash,76
 TRN-10451 ,8/6/2025,CUST-1313,STO-03,Debit Card,165.75
TRN-10452,7/3/2025,CUST-1151, STO-02 ,Credit Card,
TRN-10453,11/19/2025,CUST-1307,STO-01,Mobile Payment,190
TRN-10453,11/19/2025,CUST-1307,STO-01,Mobile Payment,190
TRN-10455,,CUST-1365,STO-01,Credit Card,630
,#N/A,CUST-1085,STO-04,Mobile Payment,355
TRN-10456,4/14/2023,CUST-1085,STO-04,Mobile Payment,355
TRN-10458, 2022-10-30 ,CUST-1201, STO-04 ,,470
TRN-10459,1/3/2026,CUST-1007, STO-02 ,Mobile Payment,405
 TRN-10460 ,4/5/2022,CUST-1167, STO-03 ,Cash,417
TRN-10461, 2025-11-13 , CUST-1291 ,STO-04,,114
 TRN-10462 ,4/9/2023,CUST-1298,STO-02,Debit Card,290
TRN-10463,3/3/2023,CUST-1120, STO-01 ,Mobile Payment,540
TRN-10464,6/14/2023,CUST-1237,,Debit Card,369
,2/1/2023, CUST-1329 ,STO-02,Cash,95
TRN-10466,11/29/2023,CUST-1058,STO-04,Mobile Payment,370.6
TRN-10467,8/23/2023, CUST-1285 , STO-04 , Mobile Payment ,490.2
TRN-10468,,#N/A,STO-02,Debit Card,557.1
TRN-10469,7/15/2022,CUST-1195,STO-04,Credit Card,171
TRN-10470,10/3/2022,CUST-1311, STO-02 ,Debit Card,100
TRN-10471,1/25/2022,CUST-1258,STO-04,Mobile Payment,429.3
 TRN-10472 ,6/9/2024,,STO-02,Mobile Payment,476
 TRN-10473 ,5/19/2025,CUST-1207,STO-04,Debit Card,
TRN-10474,12/18/2024, CUST-1154 ,STO-03,Cash,235
TRN-10475,2/16/2024,CUST-1253,STO-02,Mobile Payment,499.5
TRN-10476,12/26/2022, CUST-1030 ,STO-01, Cash ,665.1
TRN-10476,12/26/2022,CUST-1030,STO-01,Cash,665.1
 TRN-10478 ,4/27/2023,CUST-1333,,#N/A,68
TRN-10479,7/2/2025, CUST-1105 ,STO-03,Credit Card,297.35
 TRN-10480 ,#N/A,CUST-1260,STO-03,Cash,433
 TRN-10481 ,10/8/2023, CUST-1334 ,STO-03,Credit Card,582
TRN-10482,2/3/2023,CUST-1304,,Mobile Payment,510
TRN-10483, 2022-09-25 ,CUST-1020,STO-02,#N/A,
TRN-10484,8/13/2022,CUST-1238,STO-02,Mobile Payment,512
 TRN-10485 ,1/15/2023,CUST-1246,STO-02, Debit Card ,354
TRN-10486,3/16/2025,CUST-1396, STO-02 ,Debit Card,715
TRN-10487,6/14/2024,CUST-1379,STO-02,Debit Card,370
,9/26/2023,CUST-1353,STO-03,Credit Card,545
TRN-10489,10/21/2023, CUST-1355 ,STO-04,Credit Card,428
TRN-10490,9/17/2022, CUST-1305 , STO-03 ,,175.5
TRN-10491,12/2/2024,CUST-1063, STO-03 ,Cash,85
TRN-10492,3/17/2025,CUST-1370,STO-02,,
TRN-10493,2/19/2026,CUST-1293,STO-01, Credit Card ,405
TRN-10494,5/15/2025,CUST-1309,STO-04,Mobile Payment,360
TRN-10495,8/24/2022,CUST-1072,STO-02, Debit Card ,199.5
TRN-10496,4/4/2022,CUST-1181,STO-02,Mobile Payment,51
TRN-10497, 2023-09-23 ,CUST-1083,STO-01,#N/A,161.5
TRN-10498,11/14/2023,,STO-03,#N/A,80
TRN-10499,8/28/2023,CUST-1154,, Mobile Payment ,576
#N/A,6/24/2025,CUST-1339,STO-04,Credit Card,466
TRN-10501,10/21/2024,CUST-1279,STO-01, Credit Card ,396.1
TRN-10501,10/21/2024,CUST-1279,STO-01,Credit Card,396.1
TRN-10503,10/14/2024,CUST-1355,STO-01,Cash,327.75
TRN-10504,5/31/2023,CUST-1312,STO-03,Debit Card,65
TRN-10505,2/28/2023,CUST-1397,#N/A,Debit Card,565
 TRN-10506 ,4/14/2022,CUST-1318,STO-04,Mobile Payment,491
TRN-10507,8/11/2025,,STO-03,Debit Card,147.9
 TRN-10508 ,12/9/2025,CUST-1197,STO-04, Cash ,414
TRN-10509,9/16/2025,CUST-1314,STO-01,Mobile Payment,325
TRN-10510,11/6/2022,CUST-1279,STO-01,Mobile Payment,300.9
TRN-10510,11/6/2022,CUST-1279,STO-01,Mobile Payment,300.9
TRN-10512,1/4/2023,CUST-1374,#N/A, Debit Card ,120
TRN-10513, 2025-04-28 ,CUST-1173,#N/A,Credit Card,370.5
TRN-10514,12/13/2022,CUST-1200,STO-01,Mobile Payment,521.05
TRN-10515,3/15/2025,CUST-1301,STO-02,Cash,415
TRN-10516,,CUST-1240,STO-04,Credit Card,
TRN-10516,12/27/2023,CUST-1240,STO-04,Credit Card,194
 TRN-10518 ,7/30/2022,CUST-1304,STO-04,Cash,228
TRN-10519,3/18/2024,CUST-1128,STO-01, Debit Card ,245
TRN-10519,3/18/2024,CUST-1128,STO-01,Debit Card,245
 TRN-10521 ,1/9/2024,CUST-1050,STO-01,Cash,136
TRN-10522,10/31/2023,CUST-1277,,Debit Card,298
TRN-10523,1/21/2023,,STO-01, Cash ,326
TRN-10524,2/11/2024,CUST-1114,#N/A,Cash,459
TRN-10525,5/19/2024,CUST-1311, STO-03 ,Mobile Payment,203.15
TRN-10526,8/27/2025, CUST-1242 , STO-02 ,Debit Card,364.5
TRN-10527, 2024-04-23 ,CUST-1349, STO-03 ,Credit Card,590
TRN-10528,8/9/2025,CUST-1220,STO-04,Cash,274.5
,3/11/2022,CUST-1383,STO-03,Debit Card,321.1
TRN-10530,5/1/2024,CUST-1305,STO-04,,80
,2/18/2023,CUST-1195,STO-01,Credit Card,410
TRN-10531,2/18/2023,CUST-1195,STO-01,Credit Card,410
 TRN-10533 ,,CUST-1215,STO-03,Debit Card,449
TRN-10534,5/19/2024,CUST-1235,STO-04,Mobile Payment,610
TRN-10535,8/26/2022,CUST-1221,STO-04,Credit Card,294
TRN-10536,7/23/2022,CUST-1184,STO-03,Mobile Payment,598.5
 TRN-10537 ,11/26/2024,CUST-1222,STO-04,Mobile Payment,544
#N/A,4/18/2023,CUST-1285,STO-04,Cash,590
TRN-10538,4/18/2023,CUST-1285,STO-04,Cash,590
TRN-10540,3/23/2022,CUST-1137,STO-04,Debit Card,385
TRN-10541,10/22/2025,CUST-1115, STO-02 ,Debit Card,306
 TRN-10542 ,8/10/2025, CUST-1298 ,STO-02,Cash,156.6
#N/A,2/14/2026,CUST-1378,STO-02,Credit Card,198
TRN-10543,2/14/2026,CUST-1378,STO-02,Credit Card,198
, 2024-01-24 ,CUST-1223,STO-04, Mobile Payment ,406
TRN-10545,1/24/2024,CUST-1223,STO-04,Mobile Payment,406
TRN-10546,12/30/2025,CUST-1326,STO-03,Credit Card,359.1
TRN-10548,3/30/2024,CUST-1049, STO-03 ,#N/A,266
TRN-10549,5/17/2022,CUST-1050,STO-04,Cash,60
TRN-10550,1/2/2024,CUST-1164,STO-03, Credit Card ,411
TRN-10550,1/2/2024,CUST-1164,STO-03,Credit Card,411
 TRN-10552 ,6/30/2022,CUST-1332,STO-02,Debit Card,720
TRN-10553,8/16/2023,CUST-1244,STO-01,Debit Card,447
TRN-10554, 2025-12-16 ,,STO-04,Mobile Payment,562.5
TRN-10555,11/11/2025,CUST-1381, STO-03 ,Debit Card,476
TRN-10556,#N/A,CUST-1297,STO-02,,90
TRN-10556,12/16/2025,CUST-1297,STO-02,Cash,90
TRN-10558,1/7/2025,,STO-04,Credit Card,52.25
 TRN-10559 ,3/25/2025,,STO-03,Debit Card,266
TRN-10559,3/25/2025,CUST-1308,STO-03,Debit Card,266
TRN-10561,7/1/2022,CUST-1296,STO-02,Cash,191.25
TRN-10562, 2022-10-06 ,#N/A,STO-02,Cash,116
TRN-10563,7/6/2023,#N/A,STO-01,,445
TRN-10564,12/1/2023, CUST-1179 ,STO-02,Debit Card,388
TRN-10565,,,STO-01,Cash,380
TRN-10566,,CUST-1183,#N/A,Cash,60
TRN-10566,11/8/2023,CUST-1183,STO-03,Cash,60
 TRN-10568 ,,CUST-1018,#N/A,Cash,110.5
TRN-10569,5/27/2023,CUST-1203,STO-04,,410.55
TRN-10569,5/27/2023,CUST-1203,STO-04,Mobile Payment,410.55
TRN-10571,9/18/2023,CUST-1152,STO-01,Mobile Payment,110
,8/1/2023, CUST-1262 ,STO-02,,68
TRN-10572,8/1/2023,CUST-1262,STO-02,Debit Card,68
TRN-10574,3/8/2025,CUST-1240,STO-03,Credit Card,200
TRN-10575,8/30/2023,,STO-04,Mobile Payment,231.8
TRN-10576,8/27/2025,CUST-1389,STO-03,Cash,260
TRN-10577,11/15/2025,CUST-1121, STO-02 ,Credit Card,358
TRN-10578,#N/A,CUST-1301,STO-01,Debit Card,269
TRN-10578,8/1/2022,CUST-1301,STO-01,Debit Card,269
TRN-10580,5/17/2025,CUST-1154,STO-03,Mobile Payment,140.25
TRN-10581,5/15/2023,CUST-1315,STO-04,,424
TRN-10582,11/22/2022,CUST-1355,STO-04,Mobile Payment,350
 TRN-10583 ,11/6/2022,,, Cash ,569
TRN-10584,,CUST-1031,,Mobile Payment,257.55
TRN-10585,4/16/2024,CUST-1290,STO-02, Credit Card ,85
TRN-10586,10/12/2025,CUST-1202,STO-03,Mobile Payment,236.3
TRN-10587,4/27/2023,CUST-1392,STO-04, Mobile Payment ,68
TRN-10588,,CUST-1198,STO-04,Debit Card,275.5
TRN-10589,7/27/2023,CUST-1205,STO-04,Debit Card,465
TRN-10589,7/27/2023,CUST-1205,STO-04,Debit Card,465
TRN-10591,5/31/2022,CUST-1190,STO-02,Debit Card,
TRN-10592,2/25/2026,CUST-1168,STO-03,,305
 TRN-10593 ,2/12/2024,CUST-1240,STO-01, Debit Card ,355
TRN-10593,2/12/2024,CUST-1240,STO-01,Debit Card,355
TRN-10595,#N/A, CUST-1295 , STO-01 ,Cash,444
TRN-10596, 2024-10-29 , CUST-1328 ,STO-04,Credit Card,270
TRN-10596,10/29/2024,CUST-1328,STO-04,Credit Card,270
TRN-10598, 2024-07-16 ,CUST-1069,STO-04, Cash ,280
TRN-10599,12/12/2022,CUST-1334,,Mobile Payment,165.75
TRN-10600,11/15/2023,CUST-1166,STO-04,Mobile Payment,445.4
,4/3/2024,CUST-1182, STO-01 ,Credit Card,
TRN-10602,2/14/2025,CUST-1002, STO-01 ,Debit Card,190
TRN-10603, 2025-10-20 ,,STO-03,Credit Card,806.55
TRN-10604,10/12/2025,CUST-1308, STO-01 ,Credit Card,240
TRN-10605,11/7/2025,CUST-1082,,Debit Card,273
TRN-10606,,CUST-1209,STO-04,Mobile Payment,328
TRN-10607,3/24/2023,CUST-1033,STO-02,#N/A,379.1
TRN-10608,9/27/2023,CUST-1330, STO-01 ,#N/A,228
TRN-10609, 2025-07-03 ,#N/A, STO-04 ,Credit Card,95
TRN-10610,11/2/2025,CUST-1011,STO-01,Credit Card,456
TRN-10611,9/8/2022,CUST-1309,STO-01,Cash,373.35
TRN-10611,9/8/2022,CUST-1309,STO-01,Cash,373.35
TRN-10613,3/9/2023,CUST-1242,STO-02,Credit Card,258
TRN-10614,4/7/2023,CUST-1248,STO-01,Mobile Payment,85
TRN-10615,8/3/2024, CUST-1363 ,,Mobile Payment,446.25
TRN-10616,4/6/2023,#N/A,STO-02,Credit Card,
TRN-10617,10/9/2025,CUST-1041,STO-04,Cash,171
TRN-10617,10/9/2025,CUST-1041,STO-04,Cash,171
TRN-10619,7/19/2023,,STO-02,Debit Card,
TRN-10619,7/19/2023,CUST-1096,STO-02,Debit Card,574.75
TRN-10621,3/2/2025,CUST-1161,STO-03, Mobile Payment ,165
TRN-10622,1/2/2023,CUST-1145,STO-01,,463.6
TRN-10623, 2023-12-01 ,CUST-1253,, Mobile Payment ,207.1
TRN-10624,10/26/2024,CUST-1325,#N/A,Cash,456
TRN-10625,6/29/2023, CUST-1239 ,STO-03,Cash,608
,3/25/2023,CUST-1265,STO-04,Debit Card,55
TRN-10627,11/25/2023,CUST-1038,STO-04,Cash,68
 TRN-10628 ,8/9/2024,CUST-1195,STO-01,Credit Card,260
#N/A,6/11/2023,CUST-1106,STO-01,Credit Card,452
TRN-10630,,CUST-1306,STO-04,,423
#N/A, 2022-07-21 ,CUST-1223,STO-03, Debit Card ,545
TRN-10632,2/4/2025,CUST-1261,STO-03,Credit Card,463.25
TRN-10633,,#N/A,STO-02,Credit Card,459
TRN-10633,2/18/2025,CUST-1182,STO-02,Credit Card,459
TRN-10635,,CUST-1234,STO-04,Credit Card,195
 TRN-10636 ,1/13/2024,, STO-04 ,Mobile Payment,405
 TRN-10637 ,3/24/2024,CUST-1266,,Credit Card,514
TRN-10638,9/22/2024,CUST-1310, STO-03 ,Debit Card,297.5
 TRN-10639 ,7/6/2022, CUST-1239 ,STO-01,Cash,353
TRN-10640,,,,Credit Card,642.6
TRN-10641, 2023-04-02 ,CUST-1030,STO-03,,68
TRN-10642,12/21/2024,CUST-1051, STO-03 ,Cash,128.25
TRN-10643,5/26/2023,CUST-1075,STO-03,Credit Card,195.5
TRN-10644, 2022-09-21 ,CUST-1377,,Debit Card,285
TRN-10645,12/28/2022,CUST-1072,STO-04,Debit Card,582
,,CUST-1011,STO-03,Debit Card,489.6
TRN-10646,9/30/2023,CUST-1011,STO-03,Debit Card,489.6
TRN-10648, 2025-08-20 , CUST-1385 ,STO-04,,
TRN-10648,8/20/2025,CUST-1385,STO-04,Mobile Payment,285
,7/11/2023,CUST-1205,#N/A,Cash,549
TRN-10651,2/9/2023,CUST-1300,STO-02,Debit Card,389.5
TRN-10652,,CUST-1302,STO-04,Cash,208
 TRN-10653 , 2022-02-07 , CUST-1048 ,STO-02, Cash ,380
TRN-10654,5/12/2022,CUST-1148,STO-02,Credit Card,315
TRN-10654,5/12/2022,CUST-1148,STO-02,Credit Card,315
TRN-10656,1/13/2025, CUST-1311 , STO-03 ,Credit Card,144.5
TRN-10657,#N/A,CUST-1140,STO-03,Mobile Payment,170
TRN-10658,12/16/2024,#N/A,STO-02,Credit Card,590
 TRN-10659 ,6/12/2023,#N/A,STO-03,,535
#N/A,3/27/2024,,STO-01,Mobile Payment,333.9
TRN-10661,, CUST-1094 ,STO-03,Mobile Payment,58
,11/25/2024,,STO-01,Credit Card,195
 TRN-10663 ,#N/A,CUST-1144,,Cash,335
TRN-10664, 2023-09-20 ,CUST-1009,STO-04,Mobile Payment,675
TRN-10665,10/16/2025,CUST-1224,STO-01, Cash ,600
TRN-10666,1/6/2023,CUST-1368,STO-01, Cash ,381
TRN-10667,1/17/2026,CUST-1322, STO-04 ,Mobile Payment,251.75
TRN-10668,6/12/2024,,STO-04, Mobile Payment ,60
TRN-10668,6/12/2024,CUST-1149,STO-04,Mobile Payment,60
TRN-10670,4/13/2025,CUST-1038,#N/A,Credit Card,250
#N/A,5/23/2023,,,,
TRN-10672,11/21/2023,CUST-1106,STO-02,Cash,330.6
TRN-10672,11/21/2023,CUST-1106,STO-02,Cash,330.6
TRN-10674,,CUST-1139,STO-03,Debit Card,228.6
TRN-10675,8/12/2025,CUST-1354, STO-02 ,Mobile Payment,450.9
TRN-10675,8/12/2025,CUST-1354,STO-02,Mobile Payment,450.9
TRN-10677,11/25/2023,CUST-1282, STO-03 ,Mobile Payment,199.5
TRN-10678,3/24/2023,CUST-1212,STO-04, Credit Card ,204
TRN-10679, 2024-11-05 ,CUST-1040,STO-03,Credit Card,199.75
TRN-10680, 2023-04-15 ,CUST-1090,STO-04,,135
TRN-10680,4/15/2023,CUST-1090,STO-04,Credit Card,135
TRN-10682,7/22/2022,#N/A, STO-01 ,Mobile Payment,263
TRN-10683, 2024-12-15 ,CUST-1362,STO-03, Debit Card ,72
TRN-10683,12/15/2024,CUST-1362,STO-03,Debit Card,72
TRN-10685,3/2/2025,CUST-1238,STO-01,Credit Card,618
TRN-10686,11/19/2023,,STO-03, Cash ,600
TRN-10687, 2023-11-09 ,CUST-1033,STO-04, Mobile Payment ,232
TRN-10688,12/17/2025,CUST-1167,STO-04, Debit Card ,531.05
,7/16/2024, CUST-1078 ,#N/A,Debit Card,136
TRN-10690,10/9/2023,CUST-1142,STO-03,Debit Card,433
TRN-10691, 2024-08-14 ,,,Mobile Payment,130.5
TRN-10692,6/13/2022,,STO-02,Mobile Payment,268
TRN-10693,,CUST-1002,#N/A,Cash,490
TRN-10694,5/16/2024,CUST-1094,STO-01,Mobile Payment,220
TRN-10695,1/7/2022,CUST-1072,STO-03,Credit Card,415
 TRN-10696 ,,CUST-1285,STO-04,Credit Card,399
TRN-10697,,CUST-1369,STO-02,Mobile Payment,662.15
TRN-10698,1/31/2026, CUST-1345 , STO-03 ,Credit Card,391.5
TRN-10699, 2024-02-17 ,CUST-1165,STO-03,Cash,
 TRN-10700 ,8/29/2025,CUST-1214,STO-03,Credit Card,
TRN-10701,7/12/2024,CUST-1234, STO-01 ,Credit Card,
TRN-10702, 2024-11-21 , CUST-1318 ,STO-04,Credit Card,589
TRN-10703,11/26/2023,CUST-1075,STO-04,Debit Card,174
 TRN-10704 , 2025-07-12 ,CUST-1008,STO-02,,240
 TRN-10705 ,,CUST-1152,STO-01,Credit Card,450
TRN-10706,9/16/2022,CUST-1359,STO-03,,263
,3/24/2023,,STO-04,Debit Card,180
TRN-10708,6/20/2023,,STO-04,Credit Card,265
TRN-10709,2/16/2023,CUST-1302,,Credit Card,368.05
 TRN-10710 ,4/30/2023,CUST-1209,STO-02,Cash,
,8/23/2024,CUST-1054, STO-03 ,Debit Card,330
TRN-10712,5/11/2023,CUST-1381,STO-03,,80
TRN-10713,1/30/2024,CUST-1124,STO-02,Debit Card,190
TRN-10714,3/27/2025,CUST-1238,STO-02,,285
,8/27/2022, CUST-1004 ,STO-03,Credit Card,704
,12/20/2022,CUST-1059,STO-04,Cash,325
TRN-10717,7/17/2023,CUST-1143,STO-01,Credit Card,495
TRN-10718,9/17/2022,CUST-1096,STO-03,Cash,50
TRN-10719,1/2/2025,CUST-1230,STO-03,Cash,224.2
TRN-10720, 2024-09-11 ,CUST-1112,STO-04,Debit Card,467
 TRN-10721 ,9/13/2025,CUST-1093,STO-02,Cash,443.65
TRN-10721,9/13/2025,CUST-1093,STO-02,Cash,443.65
TRN-10723,3/10/2025,CUST-1315,STO-03,Credit Card,371
TRN-10723,3/10/2025,CUST-1315,STO-03,Credit Card,371
TRN-10725,10/7/2025,CUST-1228, STO-03 ,Debit Card,185
TRN-10726,,CUST-1179,#N/A, Credit Card ,85
TRN-10727,7/24/2023,,STO-03,,190
TRN-10728,1/14/2024,CUST-1054,STO-02,,483
,11/3/2023,CUST-1091,STO-01,Debit Card,529
 TRN-10730 ,,CUST-1251,STO-03,,183.6
 TRN-10731 ,8/18/2023, CUST-1279 ,,Cash,238
TRN-10731,8/18/2023,CUST-1279,STO-01,Cash,238
TRN-10733,,CUST-1022,STO-04,Mobile Payment,191.25
TRN-10734,5/24/2025,CUST-1090,STO-02,Credit Card,298
TRN-10735,10/21/2022,CUST-1197, STO-02 ,Cash,210
TRN-10735,10/21/2022,CUST-1197,STO-02,Cash,210
TRN-10737,5/20/2023,CUST-1234,STO-04, Mobile Payment ,55
TRN-10738,8/3/2023,CUST-1101,,Cash,
TRN-10739,11/24/2023,CUST-1254,,Credit Card,171
, 2025-03-07 ,,STO-03,Debit Card,85
TRN-10741, 2023-10-19 ,CUST-1141,STO-04,Debit Card,68
TRN-10742,12/3/2024, CUST-1270 ,,Debit Card,450
TRN-10743,3/28/2024,CUST-1153,STO-03,Debit Card,475
 TRN-10744 ,4/21/2024,CUST-1055, STO-01 ,Cash,
TRN-10745, 2025-09-30 , CUST-1052 ,STO-01,Credit Card,400.5
TRN-10746,,CUST-1053,#N/A,Credit Card,80
TRN-10747,2/14/2025,CUST-1176,STO-03,Debit Card,228
TRN-10748,,CUST-1034,STO-04,Debit Card,165
#N/A,8/29/2025,CUST-1256,STO-02,Debit Card,229.5
TRN-10750,9/17/2023,#N/A,STO-04,Mobile Payment,270
TRN-10750,9/17/2023,CUST-1204,STO-04,Mobile Payment,270
TRN-10752,2/18/2026, CUST-1103 ,STO-01, Credit Card ,42.5
TRN-10753,9/6/2023,CUST-1280,STO-04,Debit Card,408
,#N/A,CUST-1126,STO-03,Cash,165.75
TRN-10755,6/4/2024,CUST-1230,STO-02,Mobile Payment,505.75
TRN-10755,6/4/2024,CUST-1230,STO-02,Mobile Payment,505.75
TRN-10757,2/11/2023,CUST-1067,STO-03,,386
TRN-10757,2/11/2023,CUST-1067,STO-03,Debit Card,386
, 2023-03-17 ,CUST-1181,STO-04,Mobile Payment,384
,6/12/2022,CUST-1137,STO-01,Mobile Payment,513
TRN-10760,6/12/2022,CUST-1137,STO-01,Mobile Payment,513
TRN-10762,12/16/2023,CUST-1294,STO-02,Credit Card,60
TRN-10763,2/3/2024, CUST-1332 ,STO-01,Mobile Payment,58
TRN-10764,11/3/2023,#N/A, STO-02 ,Mobile Payment,378
TRN-10764,11/3/2023,CUST-1111,STO-02,Mobile Payment,378
TRN-10766,4/1/2023,CUST-1268,STO-01,,
 TRN-10767 ,2/3/2026,CUST-1170,STO-01,Cash,
 TRN-10768 ,5/29/2025,CUST-1301,,Debit Card,195
TRN-10769,,CUST-1364,STO-03,Mobile Payment,695
TRN-10770,,CUST-1050,STO-01,Cash,174
TRN-10770,7/21/2023,CUST-1050,STO-01,Cash,174
,, CUST-1357 ,#N/A,Cash,357
TRN-10773,12/28/2023,CUST-1171,STO-03,Credit Card,226
TRN-10773,12/28/2023,CUST-1171,STO-03,Credit Card,226
TRN-10774,8/11/2024,CUST-1213,STO-02,Cash,443
 TRN-10776 , 2024-07-28 ,CUST-1031,STO-02,,204
TRN-10777,9/23/2022,CUST-1280,STO-04, Debit Card ,614.7
TRN-10778,7/12/2024,CUST-1272,STO-01,Credit Card,153
TRN-10778,7/12/2024,CUST-1272,STO-01,Credit Card,153
TRN-10780,2/19/2023,#N/A,STO-01,,451.25
TRN-10781,5/7/2023,CUST-1247,STO-02,Credit Card,654
TRN-10782,7/24/2022,,STO-01,Cash,678
 TRN-10783 ,11/18/2023,CUST-1381,STO-04,Debit Card,635
TRN-10784, 2022-08-13 ,CUST-1227, STO-03 ,Cash,130
TRN-10785,12/16/2025,CUST-1368,STO-04,Debit Card,230
TRN-10785,12/16/2025,CUST-1368,STO-04,Debit Card,230
 TRN-10787 ,2/13/2026,CUST-1393,STO-01,Credit Card,413
TRN-10788,8/17/2025, CUST-1298 ,STO-04, Mobile Payment ,405
TRN-10789, 2023-04-09 , CUST-1172 ,STO-01,Debit Card,361.25
TRN-10790,8/14/2024,,STO-04,Credit Card,448.2
 TRN-10791 ,,CUST-1226,STO-01,Cash,50
TRN-10792,9/20/2024,CUST-1388,STO-03,Credit Card,301.5
TRN-10793,8/31/2022,CUST-1321,STO-02,Mobile Payment,80
TRN-10794,7/10/2023,#N/A,,#N/A,204
TRN-10795,7/17/2022,CUST-1115,STO-04,,401
TRN-10796, 2023-09-26 ,CUST-1111,STO-01,Debit Card,110
TRN-10797,4/25/2024,CUST-1169,STO-02,Cash,116
TRN-10798,4/4/2025,CUST-1101, STO-03 ,Mobile Payment,150
TRN-10799,8/30/2024, CUST-1322 ,STO-02,Debit Card,261.8
TRN-10799,8/30/2024,CUST-1322,STO-02,Debit Card,261.8
 TRN-10801 ,9/16/2023,CUST-1059,STO-03,,50
TRN-10802,11/4/2025,CUST-1266,STO-04,Cash,508.25
TRN-10802,11/4/2025,CUST-1266,STO-04,Cash,508.25
,1/4/2023,CUST-1189, STO-03 ,Credit Card,212.5
TRN-10805,1/11/2025,CUST-1187,STO-02,Debit Card,436
TRN-10805,1/11/2025,CUST-1187,STO-02,Debit Card,436
TRN-10807,5/28/2022,,STO-02,#N/A,458
TRN-10808,,CUST-1057,STO-04,Cash,355.5
TRN-10809,5/30/2025,CUST-1152,STO-01,Credit Card,150
TRN-10810,4/6/2022,CUST-1359,STO-02,Credit Card,519
 TRN-10811 , 2025-12-20 ,CUST-1355,STO-03,Debit Card,189
TRN-10811,12/20/2025,CUST-1355,STO-03,Debit Card,189
TRN-10813,3/16/2025,CUST-1235,STO-01,Credit Card,446.25
TRN-10814,11/4/2025,CUST-1377,STO-01,#N/A,233.1
TRN-10815,3/7/2023,CUST-1150,STO-03,,60
TRN-10816,9/30/2023,CUST-1204,STO-04,Mobile Payment,130
TRN-10817,12/19/2022,CUST-1288,STO-04,Credit Card,314.5
TRN-10818,1/7/2022,CUST-1086,,Cash,704
TRN-10819,10/23/2025,CUST-1021,STO-01,Credit Card,
TRN-10820,11/25/2024, CUST-1140 ,STO-04, Mobile Payment ,332.1
TRN-10821,8/30/2022,#N/A,STO-03, Credit Card ,180
TRN-10822,8/10/2022,CUST-1151,STO-03,Credit Card,590
TRN-10823,6/1/2023,CUST-1281, STO-03 ,Cash,419.9
TRN-10824, 2025-08-22 ,CUST-1291,STO-02,Mobile Payment,566.2
TRN-10825,,CUST-1292,,Credit Card,165
TRN-10826,3/1/2023,CUST-1230,STO-02,#N/A,559
TRN-10827, 2024-04-10 ,CUST-1028,STO-04,Debit Card,140
TRN-10828,11/24/2022,CUST-1188,STO-03,Credit Card,153
TRN-10829,12/26/2024,,STO-02,Mobile Payment,559
TRN-10830,2/9/2023, CUST-1135 ,STO-03,,574
 TRN-10831 ,7/6/2025,CUST-1085,STO-02,Credit Card,646
TRN-10832,11/9/2025,CUST-1282,STO-01,Cash,270.75
TRN-10833,2/25/2022,CUST-1273,STO-04,Mobile Payment,608.4
 TRN-10834 , 2022-11-29 ,CUST-1379,STO-04,Cash,525
TRN-10834,11/29/2022,CUST-1379,STO-04,Cash,525
TRN-10836, 2025-05-01 ,CUST-1189,STO-01, Credit Card ,255
TRN-10837,11/11/2023,CUST-1253,STO-03,Mobile Payment,136
TRN-10838,9/10/2025, CUST-1114 ,STO-01,Cash,650
TRN-10839,12/29/2022,CUST-1134,STO-02,Debit Card,290
TRN-10840,3/23/2022,CUST-1225, STO-02 ,Mobile Payment,261
,2/7/2026,CUST-1123,,Credit Card,235
TRN-10842,2/26/2024,CUST-1308,STO-01,#N/A,612
TRN-10842,2/26/2024,CUST-1308,STO-01,Mobile Payment,612
TRN-10844,3/12/2023,CUST-1292,STO-01, Debit Card ,305.9
TRN-10845,3/23/2024,CUST-1094, STO-03 ,Credit Card,535
, 2024-09-27 ,CUST-1121,STO-01, Cash ,194.65
TRN-10847,2/12/2023,CUST-1193,STO-03,Mobile Payment,554
TRN-10848,8/7/2023,#N/A,STO-03, Debit Card ,450
TRN-10849,,CUST-1134,STO-04, Debit Card ,730
TRN-10849,8/8/2025,CUST-1134,STO-04,Debit Card,730
TRN-10851,11/21/2022,CUST-1277,STO-01,Debit Card,140
TRN-10852,4/10/2023,CUST-1372,STO-03,Cash,499
TRN-10853,11/10/2023,CUST-1083,#N/A,Credit Card,616.55
TRN-10854,2/19/2026,CUST-1181,,Credit Card,520
TRN-10855,2/4/2022,CUST-1327,STO-01,#N/A,247
TRN-10856,,CUST-1083,STO-02, Cash ,417.35
 TRN-10857 ,6/5/2025,CUST-1392,STO-04,Debit Card,
TRN-10858,8/13/2025,CUST-1345,STO-04, Credit Card ,
 TRN-10859 ,5/19/2025,CUST-1094,STO-02,Mobile Payment,573
TRN-10860,1/10/2022,CUST-1150,STO-04,Mobile Payment,335
TRN-10861,12/2/2023,CUST-1161,STO-03, Debit Card ,530
 TRN-10862 ,4/29/2025,CUST-1038, STO-04 ,Debit Card,99
TRN-10863,,CUST-1134, STO-02 ,Mobile Payment,136
,4/1/2025,,STO-04,Debit Card,634
TRN-10865,4/26/2023,CUST-1124,STO-01,Cash,544
TRN-10865,4/26/2023,CUST-1124,STO-01,Cash,544
TRN-10867,2/24/2026,CUST-1265,STO-03, Cash ,450
TRN-10867,2/24/2026,CUST-1265,STO-03,Cash,450
TRN-10868,6/12/2023,CUST-1007,STO-04,Cash,403
TRN-10870,1/11/2026,CUST-1397,STO-03,Debit Card,190.95
TRN-10870,1/11/2026,CUST-1397,STO-03,Debit Card,190.95
TRN-10872, 2025-03-09 ,CUST-1185,STO-04,Debit Card,399
TRN-10873, 2022-05-10 ,, STO-04 ,Debit Card,380
TRN-10874, 2025-01-25 ,CUST-1248, STO-02 ,Credit Card,140
TRN-10875,5/31/2023,CUST-1125,STO-02,Debit Card,240
TRN-10876,8/30/2025,CUST-1339,STO-04,Mobile Payment,110
 TRN-10877 , 2025-09-05 ,CUST-1035,STO-03,Mobile Payment,494
TRN-10878,5/11/2025,CUST-1009,STO-01,Debit Card,264
TRN-10879,5/28/2023,CUST-1356,STO-03,Credit Card,204
#N/A,10/26/2022,CUST-1224,STO-03,Cash,183
 TRN-10881 ,1/16/2022, CUST-1173 ,STO-02,Mobile Payment,468
TRN-10881,1/16/2022,CUST-1173,STO-02,Mobile Payment,468
TRN-10883, 2025-09-01 ,CUST-1365,STO-02,Mobile Payment,165.3
TRN-10884,6/10/2022,CUST-1087,STO-02,Mobile Payment,819
TRN-10885,, CUST-1257 ,STO-04,Credit Card,636
TRN-10885,11/22/2025,CUST-1257,STO-04,Credit Card,636
,5/30/2022,,,Debit Card,161.5
TRN-10888,9/2/2024,CUST-1043,STO-01,Cash,116
TRN-10889,8/2/2024,,STO-03,,
TRN-10890,12/24/2023,CUST-1313,STO-02,,365
TRN-10891,10/13/2024, CUST-1316 ,,Credit Card,447
TRN-10892,1/11/2023,CUST-1019,STO-02,Debit Card,199.5
TRN-10892,1/11/2023,CUST-1019,STO-02,Debit Card,199.5
TRN-10894,,CUST-1194,,,315
TRN-10895,#N/A, CUST-1267 ,STO-01, Debit Card ,315
 TRN-10896 ,9/15/2022,,STO-04,Credit Card,570
 TRN-10897 ,9/20/2024,CUST-1108, STO-03 ,Credit Card,247.5
TRN-10898,1/17/2022, CUST-1317 ,,Cash,715.35
TRN-10899,9/3/2023,CUST-1314,STO-03,Mobile Payment,235
TRN-10900,4/9/2025,CUST-1230, STO-03 ,,415
,8/5/2024,CUST-1394,STO-04,Mobile Payment,638.1
 TRN-10902 ,1/27/2024,CUST-1309,STO-01,Credit Card,68
,7/25/2024,CUST-1262,STO-03, Debit Card ,
TRN-10904,12/9/2024,CUST-1150,STO-04,Debit Card,
,1/25/2022, CUST-1058 ,STO-01,Cash,252
,5/7/2023,CUST-1372,STO-03,Mobile Payment,194.65
TRN-10906,5/7/2023,CUST-1372,STO-03,Mobile Payment,194.65
TRN-10907,3/13/2023,CUST-1023,STO-02,Cash,429
TRN-10909,7/3/2023,CUST-1388,STO-01,,615
TRN-10910,7/11/2025,CUST-1186,STO-02,Credit Card,160
TRN-10911,, CUST-1309 ,STO-04,Cash,407.7
TRN-10912,9/12/2025,CUST-1311, STO-03 ,,365
, 2023-09-24 ,CUST-1268,,Credit Card,360
TRN-10913,9/24/2023,CUST-1268,STO-02,Credit Card,360
TRN-10915,11/7/2023,,,Credit Card,195
TRN-10915,11/7/2023,CUST-1056,STO-02,Credit Card,195
TRN-10916,3/29/2025,CUST-1226,STO-02,Mobile Payment,275
TRN-10918,,CUST-1300,,Mobile Payment,697
TRN-10919,4/20/2024,CUST-1093,STO-01,Debit Card,334
TRN-10919,4/20/2024,CUST-1093,STO-01,Debit Card,334
TRN-10921,10/13/2022,CUST-1109,STO-02,Mobile Payment,228
TRN-10921,10/13/2022,CUST-1109,STO-02,Mobile Payment,228
 TRN-10923 ,1/13/2023,CUST-1232,STO-02,Mobile Payment,
TRN-10924,4/20/2025,CUST-1380,STO-03,Cash,304
TRN-10925,9/25/2025,,STO-03,Debit Card,700
TRN-10926,11/16/2024,CUST-1321,STO-01,,80
 TRN-10927 ,,,STO-03,,600
TRN-10928,,CUST-1085,STO-04,Mobile Payment,318.25
 TRN-10929 , 2023-08-13 ,CUST-1374, STO-02 ,Mobile Payment,490.2
TRN-10930, 2025-01-07 , CUST-1206 , STO-01 ,Debit Card,170
TRN-10931,8/17/2024,CUST-1091,STO-01, Credit Card ,654
TRN-10932,10/11/2023, CUST-1159 ,STO-02,Mobile Payment,360
TRN-10933,10/25/2025,CUST-1022,STO-01,Credit Card,
TRN-10934,8/20/2023,CUST-1208,STO-01,Debit Card,325
TRN-10935,7/28/2023,CUST-1299,STO-01, Cash ,735
TRN-10935,7/28/2023,CUST-1299,STO-01,Cash,735
TRN-10937,#N/A,,STO-01,Mobile Payment,460
,6/25/2024, CUST-1099 ,,Credit Card,360
TRN-10939,10/15/2022,CUST-1399,STO-01,Debit Card,336
TRN-10940,11/4/2024,CUST-1252, STO-04 ,Credit Card,285
,,CUST-1352, STO-04 ,Mobile Payment,735
TRN-10942, 2025-08-11 ,CUST-1379, STO-03 ,Credit Card,475
,7/22/2022,CUST-1359,STO-01,Mobile Payment,296
TRN-10944, 2024-08-26 ,CUST-1333, STO-03 ,Mobile Payment,575
TRN-10945,5/21/2025,CUST-1102,STO-01,,
TRN-10946,1/22/2023,CUST-1151,STO-04,#N/A,245
TRN-10947,6/21/2025,#N/A,STO-04,Debit Card,205
TRN-10947,6/21/2025,CUST-1011,STO-04,Debit Card,205
TRN-10949,4/17/2025,CUST-1243,STO-01,Cash,719
TRN-10950,5/5/2023,CUST-1163,STO-04,Mobile Payment,115
TRN-10950,5/5/2023,CUST-1163,STO-04,Mobile Payment,115
TRN-10951,8/6/2022,CUST-1116,STO-04,Credit Card,250
TRN-10953,6/22/2023,CUST-1339,STO-02,Credit Card,429.25
TRN-10954,,CUST-1077,STO-02,Debit Card,536
TRN-10955,5/24/2023, CUST-1071 ,STO-04,Debit Card,
TRN-10956,12/2/2022,CUST-1068,STO-04, Mobile Payment ,199.5
TRN-10957,4/2/2022,CUST-1052,,Cash,455
TRN-10958, 2025-10-13 ,,STO-03,,527
TRN-10959,10/28/2025,CUST-1326,STO-04,Credit Card,296.4
 TRN-10960 , 2024-04-09 ,CUST-1291,,Credit Card,410
TRN-10961,8/26/2025,CUST-1174,STO-04,Cash,285
TRN-10962,,CUST-1356,STO-03,Mobile Payment,265
TRN-10963,9/30/2024,CUST-1289,STO-03,,290
 TRN-10964 ,2/9/2023,CUST-1345,STO-02, Debit Card ,229.5
TRN-10965,3/1/2022,CUST-1349, STO-01 ,Cash,240
TRN-10966,4/1/2024,CUST-1166,#N/A,Mobile Payment,
TRN-10967,4/25/2025,CUST-1305,STO-02,,425
TRN-10967,4/25/2025,CUST-1305,STO-02,Cash,425
TRN-10968,11/25/2023,CUST-1314,STO-03,Credit Card,580
 TRN-10970 , 2023-08-22 , CUST-1069 ,STO-01,Debit Card,76
 TRN-10971 ,9/21/2022,CUST-1161,STO-02,Debit Card,364
TRN-10972,,CUST-1025,STO-01,Credit Card,306
TRN-10973,,CUST-1158,STO-01,Mobile Payment,325
TRN-10974,6/13/2023,CUST-1287,STO-02,,415
TRN-10974,6/13/2023,CUST-1287,STO-02,Debit Card,415
TRN-10976,7/1/2024,CUST-1236, STO-01 , Mobile Payment ,174
TRN-10977,3/5/2022,CUST-1032,STO-01,Cash,70
TRN-10978,9/28/2024,#N/A,STO-03,Mobile Payment,373.5
TRN-10979,8/25/2022,,,Debit Card,216
TRN-10980,5/22/2022,,STO-01,,253
TRN-10981,10/14/2022,CUST-1197,STO-01,Debit Card,238.5
TRN-10982,4/5/2023,CUST-1391,STO-02,Mobile Payment,246.5
TRN-10983,6/11/2022,CUST-1299,STO-02, Debit Card ,497.8
TRN-10984, 2025-09-21 ,CUST-1018,STO-02,Cash,343
TRN-10985,9/14/2023,CUST-1150,,Mobile Payment,366
#N/A,6/23/2023,CUST-1399,STO-01,Credit Card,686
 TRN-10987 , 2022-02-25 ,CUST-1080,,Debit Card,400.9
TRN-10987,2/25/2022,CUST-1080,STO-01,Debit Card,400.9
TRN-10988,7/10/2022,CUST-1318,STO-01,Credit Card,423
 TRN-10990 ,8/30/2022,CUST-1222,STO-03,Debit Card,190
TRN-10991,1/13/2022,CUST-1119,,Mobile Payment,
,9/8/2023,CUST-1262,STO-02,Mobile Payment,
,,CUST-1177, STO-02 ,,324
 TRN-10994 ,1/1/2023,CUST-1111,, Debit Card ,450.3
,,CUST-1125,STO-02, Mobile Payment ,190
TRN-10996, 2022-04-12 ,CUST-1302,STO-04,Cash,295.2
TRN-10997,4/4/2023,CUST-1202,STO-04, Debit Card ,106.2
TRN-10997,4/4/2023,CUST-1202,STO-04,Debit Card,106.2
TRN-10999,4/28/2025,CUST-1136,,Credit Card,520
TRN-11000,12/20/2025,, STO-03 ,Debit Card,174
